device_age,battery_health,repair_count,usage_hours,resale_value,discarded
1,77,4,2,39550,1
4,74,3,3,18100,1
1,91,4,12,41650,1
2,42,2,1,27300,1
2,82,4,2,33300,1
3,66,2,12,23900,0
3,60,0,12,23000,1
5,41,3,9,6150,1
7,57,2,9,5000,1
7,72,0,8,5000,1
6,78,5,4,5000,1
2,96,4,9,35400,1
1,93,4,3,41950,1
7,49,0,11,5000,1
3,49,0,3,21350,1
8,57,4,1,5000,1
5,71,3,2,10650,1
7,75,2,2,5000,1
5,58,1,12,8700,1
5,64,5,7,9600,1
7,91,1,6,5000,1
8,83,2,5,5000,1
6,91,0,7,6650,1
7,99,3,9,5000,1
7,93,1,7,5000,1
4,81,5,6,19150,1
1,79,0,2,39850,0
6,77,5,5,5000,1
4,75,1,10,18250,0
2,61,5,3,30150,1
7,96,2,11,5000,1
1,80,3,8,40000,1
6,53,2,7,5000,1
6,55,3,1,5000,1
1,50,0,5,35500,1
2,47,1,9,28050,1
8,76,0,10,5000,1
6,43,4,4,5000,1
5,41,4,10,6150,1
6,87,2,6,6050,1
8,90,4,11,5000,1
6,81,0,7,5150,1
1,85,3,10,40750,1
6,83,1,8,5450,1
4,54,4,1,15100,1
2,65,3,10,30750,1
3,90,4,1,27500,1
8,68,1,5,5000,1
1,88,3,1,41200,1
3,61,1,4,23150,1
2,84,5,5,33600,1
5,84,5,2,12600,1
8,62,4,5,5000,1
5,83,1,4,12450,1
8,66,3,10,5000,1
8,61,0,2,5000,1
7,41,1,9,5000,1
7,69,1,4,5000,1
1,52,3,7,35800,1
2,53,1,6,28950,1
5,100,5,12,15000,1
1,76,1,8,39400,0
3,44,4,4,20600,1
2,55,2,9,29250,1
5,88,2,2,13200,1
2,78,2,7,32700,0
2,47,3,7,28050,1
5,53,1,1,7950,1
7,65,3,2,5000,1
8,65,0,5,5000,1
8,57,5,2,5000,1
7,49,0,12,5000,1
1,78,0,2,39700,0
5,98,1,9,14700,1
5,74,2,8,11100,1
1,59,1,10,36850,1
6,49,5,12,5000,1
1,66,0,11,37900,0
1,48,3,10,35200,1
2,44,1,5,27600,1
7,65,5,2,5000,1
1,78,0,10,39700,0
8,100,4,11,5000,1
1,63,0,5,37450,1
6,52,2,10,5000,1
4,56,1,2,15400,1
6,41,2,4,5000,1
7,94,4,1,5000,1
8,93,1,7,5000,1
2,42,0,12,27300,1
6,54,4,6,5000,1
6,82,1,9,5300,1
1,76,0,9,39400,0
1,75,0,10,39250,0
2,98,1,12,35700,0
5,63,4,11,9450,1
3,85,0,8,26750,0
4,42,0,2,13300,1
8,52,1,12,5000,1
4,62,1,4,16300,1
4,49,2,10,14350,1
1,53,0,2,35950,1
1,91,5,3,41650,1
3,68,5,8,24200,1
2,52,1,10,28800,1
3,50,3,4,21500,1
4,82,2,8,19300,0
8,65,4,9,5000,1
5,49,0,9,7350,1
5,75,5,9,11250,1
2,92,3,9,34800,1
2,50,0,10,28500,1
4,48,4,5,14200,1
6,83,2,12,5450,1
3,69,1,12,24350,0
5,57,4,12,8550,1
6,93,4,10,6950,1
6,90,3,5,6500,1
5,49,1,9,7350,1
3,56,2,8,22400,1
2,68,1,11,31200,0
6,92,4,7,6800,1
5,78,0,6,11700,1
6,99,3,1,7850,1
8,63,1,2,5000,1
5,86,2,1,12900,1
2,99,3,11,35850,1
8,85,4,6,5000,1
6,84,5,10,5600,1
3,81,1,9,26150,0
3,68,4,11,24200,1
3,88,1,11,27200,0
4,61,5,10,16150,1
5,49,5,7,7350,1
3,51,1,2,21650,1
2,57,2,4,29550,1
8,47,5,2,5000,1
3,48,2,11,21200,1
2,71,4,9,31650,1
2,100,1,1,36000,0
2,68,0,4,31200,0
7,65,5,9,5000,1
6,47,5,2,5000,1
8,86,0,2,5000,1
4,56,0,5,15400,1
2,42,3,4,27300,1
8,92,2,2,5000,1
6,79,5,1,5000,1
4,97,5,1,21550,1
6,94,3,11,7100,1
7,44,3,7,5000,1
6,98,2,2,7700,1
4,77,3,6,18550,1
2,73,0,4,31950,0
6,43,3,10,5000,1
4,43,1,5,13450,1
6,66,0,5,5000,1
8,65,5,3,5000,1
7,92,4,11,5000,1
6,80,2,9,5000,1
4,74,3,7,18100,1
7,74,4,8,5000,1
4,96,1,1,21400,0
8,54,5,12,5000,1
5,97,3,7,14550,1
4,55,0,4,15250,1
6,88,0,5,6200,1
8,85,3,7,5000,1
8,71,1,1,5000,1
4,53,2,8,14950,1
7,55,2,5,5000,1
3,87,2,2,27050,0
2,100,4,12,36000,1
1,99,0,4,42850,0
5,83,2,12,12450,1
6,84,1,9,5600,1
5,67,2,6,10050,1
8,82,4,8,5000,1
2,53,4,12,28950,1
4,80,2,1,19000,0
3,62,1,6,23300,1
7,49,3,5,5000,1
6,63,0,4,5000,1
2,82,2,9,33300,0
3,83,2,1,26450,0
6,42,5,8,5000,1
8,71,5,7,5000,1
2,97,2,7,35550,0
7,85,5,2,5000,1
4,73,0,8,17950,0
2,70,1,2,31500,0
4,66,3,10,16900,1
4,75,1,1,18250,0
5,78,5,2,11700,1
5,52,3,2,7800,1
2,46,4,5,27900,1
3,43,2,10,20450,1
6,72,4,1,5000,1
6,64,4,8,5000,1
8,81,2,4,5000,1
1,45,3,9,34750,1
8,71,2,2,5000,1
4,49,2,2,14350,1
7,71,3,11,5000,1
6,90,5,1,6500,1
6,70,3,12,5000,1
8,80,2,1,5000,1
8,40,1,5,5000,1
3,68,2,7,24200,0
6,78,5,8,5000,1
8,47,1,10,5000,1
4,71,3,8,17650,1
1,41,3,2,34150,1
4,59,5,6,15850,1
6,42,2,3,5000,1
1,98,4,5,42700,1
3,83,5,4,26450,1
4,85,3,12,19750,1
1,59,1,7,36850,1
3,45,1,12,20750,1
1,77,1,1,39550,0
5,75,5,8,11250,1
8,92,2,6,5000,1
6,89,3,2,6350,1
4,70,3,12,17500,1
8,41,5,3,5000,1
4,69,2,11,17350,0
8,44,3,9,5000,1
2,72,3,8,31800,1
7,50,3,2,5000,1
7,57,1,5,5000,1
8,80,0,1,5000,1
6,89,2,4,6350,1
3,91,5,4,27650,1
3,81,4,4,26150,1
3,57,3,11,22550,1
6,94,3,9,7100,1
1,95,5,11,42250,1
5,93,1,6,13950,1
2,76,4,6,32400,1
3,95,5,9,28250,1
3,61,3,2,23150,1
3,56,0,1,22400,1
3,73,2,7,24950,0
7,52,1,5,5000,1
3,60,3,1,23000,1
7,57,5,2,5000,1
8,86,1,8,5000,1
6,86,2,5,5900,1
5,92,1,2,13800,1
1,47,5,4,35050,1
8,80,4,8,5000,1
4,65,3,11,16750,1
8,50,0,12,5000,1
7,54,5,10,5000,1
1,95,3,9,42250,1
4,67,1,6,17050,0
6,55,0,5,5000,1
8,91,5,7,5000,1
4,57,2,11,15550,1
6,48,5,3,5000,1
8,44,5,7,5000,1
2,59,2,5,29850,1
1,46,0,7,34900,1
7,83,5,11,5000,1
5,44,4,2,6600,1
6,99,4,2,7850,1
8,71,2,10,5000,1
7,67,3,1,5000,1
8,46,4,7,5000,1
4,48,0,2,14200,1
5,68,1,7,10200,1
6,45,1,10,5000,1
8,63,3,6,5000,1
2,58,1,4,29700,1
3,52,1,2,21800,1
3,82,3,6,26300,1
4,73,0,8,17950,0
2,46,5,2,27900,1
6,80,0,1,5000,1
4,100,3,9,22000,1
7,56,0,9,5000,1
4,90,1,11,20500,0
6,100,1,5,8000,1
6,66,0,10,5000,1
2,62,1,8,30300,1
7,95,5,10,5000,1
7,46,3,5,5000,1
6,49,2,4,5000,1
1,90,2,2,41500,0
3,42,1,9,20300,1
1,61,0,5,37150,1
2,88,4,8,34200,1
1,78,2,5,39700,0
5,94,1,5,14100,1
2,89,4,10,34350,1
8,96,0,10,5000,1
1,58,0,8,36700,1
7,60,3,12,5000,1
6,72,3,8,5000,1
3,70,1,1,24500,0
1,44,4,3,34600,1
4,88,1,11,20200,0
1,46,3,1,34900,1
3,47,0,2,21050,1
6,94,5,5,7100,1
5,52,1,10,7800,1
6,86,0,2,5900,1
8,59,1,1,5000,1
5,40,1,2,6000,1
6,80,0,5,5000,1
2,52,0,12,28800,1
6,88,2,10,6200,1
7,80,0,12,5000,1
1,42,3,12,34300,1
6,77,0,3,5000,1
3,81,2,8,26150,0
3,60,5,5,23000,1
4,51,3,1,14650,1
6,54,3,5,5000,1
8,41,0,5,5000,1
6,61,4,1,5000,1
2,73,2,11,31950,0
4,43,0,11,13450,1
4,64,3,12,16600,1
1,61,3,4,37150,1
7,67,0,3,5000,1
3,94,2,8,28100,0
4,88,5,10,20200,1
2,73,0,8,31950,0
2,99,1,2,35850,0
7,94,5,11,5000,1
5,100,4,6,15000,1
2,53,5,11,28950,1
8,43,5,10,5000,1
4,71,1,2,17650,0
5,57,2,12,8550,1
2,63,4,1,30450,1
1,61,3,11,37150,1
6,76,0,4,5000,1
8,48,0,11,5000,1
2,54,0,2,29100,1
3,97,3,7,28550,1
2,89,4,4,34350,1
7,65,4,9,5000,1
6,43,1,5,5000,1
2,98,5,5,35700,1
8,70,5,1,5000,1
8,46,5,10,5000,1
5,69,0,1,10350,1
8,100,3,3,5000,1
4,40,4,4,13000,1
5,100,5,9,15000,1
5,80,2,4,12000,1
5,88,3,7,13200,1
5,84,5,11,12600,1
5,80,0,8,12000,1
2,86,2,8,33900,0
2,58,2,3,29700,1
1,64,3,12,37600,1
5,58,0,12,8700,1
5,67,5,10,10050,1
6,48,0,12,5000,1
7,41,3,1,5000,1
5,76,0,11,11400,1
3,55,2,7,22250,1
5,94,3,5,14100,1
8,97,0,9,5000,1
1,99,1,8,42850,0
7,74,1,12,5000,1
1,88,4,9,41200,1
5,99,1,4,14850,1
6,41,5,9,5000,1
4,99,4,10,21850,1
4,49,2,7,14350,1
2,53,2,12,28950,1
5,99,3,2,14850,1
7,86,4,3,5000,1
5,55,4,12,8250,1
5,87,3,2,13050,1
5,60,5,11,9000,1
8,84,4,6,5000,1
3,95,3,5,28250,1
5,96,0,9,14400,1
1,72,3,12,38800,1
8,69,2,5,5000,1
3,63,1,4,23450,1
1,74,2,3,39100,0
6,49,0,3,5000,1
4,98,3,12,21700,1
5,47,2,10,7050,1
4,62,0,12,16300,1
4,73,5,9,17950,1
3,82,4,9,26300,1
8,68,1,11,5000,1
4,97,0,2,21550,0
5,40,1,11,6000,1
6,72,0,1,5000,1
1,45,2,2,34750,1
5,75,0,1,11250,1
6,51,4,2,5000,1
7,91,3,1,5000,1
8,81,5,2,5000,1
5,72,3,10,10800,1
1,97,2,3,42550,0
7,52,4,2,5000,1
2,78,3,7,32700,1
2,53,1,7,28950,1
5,97,2,9,14550,1
2,99,1,2,35850,0
8,82,5,4,5000,1
5,92,2,5,13800,1
6,79,3,6,5000,1
8,88,2,2,5000,1
4,72,4,8,17800,1
1,75,1,4,39250,0
2,44,0,2,27600,1
3,57,1,11,22550,1
4,76,4,6,18400,1
6,83,3,12,5450,1
2,61,4,4,30150,1
6,47,4,10,5000,1
5,42,2,4,6300,1
1,74,0,3,39100,0
3,100,0,8,29000,0
2,54,4,6,29100,1
7,84,2,6,5000,1
8,94,3,9,5000,1
2,44,4,12,27600,1
6,73,4,12,5000,1
6,98,3,8,7700,1
4,74,2,8,18100,0
2,52,5,5,28800,1
1,55,0,8,36250,1
8,64,3,6,5000,1
1,77,4,12,39550,1
8,41,2,3,5000,1
2,78,1,4,32700,0
4,46,1,2,13900,1
7,79,3,9,5000,1
8,46,2,8,5000,1
4,67,5,8,17050,1
2,71,4,3,31650,1
8,95,1,9,5000,1
5,94,0,12,14100,1
7,93,2,11,5000,1
6,80,4,10,5000,1
6,43,2,3,5000,1
2,56,4,7,29400,1
6,55,3,12,5000,1
6,55,0,10,5000,1
2,43,4,6,27450,1
8,54,4,1,5000,1
1,67,1,3,38050,0
1,61,2,5,37150,1
4,49,5,6,14350,1
2,46,2,3,27900,1
3,57,3,1,22550,1
8,81,1,5,5000,1
7,46,2,5,5000,1
4,71,5,1,17650,1
4,45,2,6,13750,1
7,75,1,11,5000,1
1,49,3,12,35350,1
4,100,3,6,22000,1
3,78,2,3,25700,0
4,99,4,5,21850,1
5,65,1,3,9750,1
2,49,5,2,28350,1
3,76,0,1,25400,0
2,81,3,3,33150,1
5,65,4,2,9750,1
1,49,3,5,35350,1
1,43,1,2,34450,1
3,73,1,4,24950,0
2,69,2,4,31350,0
4,96,3,4,21400,1
1,69,0,7,38350,0
5,68,0,12,10200,1
4,66,5,5,16900,1
4,53,3,9,14950,1
6,84,1,4,5600,1
5,57,0,12,8550,1
6,76,2,4,5000,1
8,97,2,9,5000,1
7,90,1,5,5000,1
1,97,5,4,42550,1
4,86,5,7,19900,1
3,76,3,8,25400,1
3,56,1,7,22400,1
3,67,2,6,24050,0
1,99,1,11,42850,0
3,88,3,2,27200,1
5,94,3,1,14100,1
5,90,0,11,13500,1
7,47,0,4,5000,1
8,90,2,3,5000,1
4,98,4,3,21700,1
7,96,4,9,5000,1
8,70,4,12,5000,1
4,41,2,1,13150,1
1,71,2,11,38650,0
8,99,4,9,5000,1
4,88,2,2,20200,0
8,58,0,7,5000,1
2,63,0,10,30450,1
7,49,1,12,5000,1
2,81,4,7,33150,1
1,44,3,10,34600,1
3,76,5,2,25400,1
7,67,3,11,5000,1
2,61,0,7,30150,1
1,91,1,2,41650,0
5,82,4,3,12300,1
6,49,1,4,5000,1
7,89,3,10,5000,1
6,41,5,11,5000,1
5,85,3,3,12750,1
8,82,1,4,5000,1
5,55,0,5,8250,1
1,92,5,7,41800,1
3,83,2,1,26450,0
6,62,5,11,5000,1
8,55,3,9,5000,1
7,48,3,5,5000,1
6,78,0,2,5000,1
3,72,1,3,24800,0
8,65,5,6,5000,1
7,85,4,11,5000,1
8,59,5,8,5000,1
5,52,4,9,7800,1
5,93,1,6,13950,1
7,62,5,6,5000,1
1,97,2,2,42550,0
3,93,5,1,27950,1
4,74,0,7,18100,0
2,80,1,2,33000,0
6,98,4,9,7700,1
3,79,5,11,25850,1
2,84,0,7,33600,0
7,65,3,6,5000,1
8,45,4,12,5000,1
4,76,2,7,18400,0
5,45,1,4,6750,1
1,53,0,7,35950,1
5,96,4,6,14400,1
3,62,4,6,23300,1
8,47,2,11,5000,1
3,41,3,1,20150,1
8,84,5,12,5000,1
4,58,0,2,15700,1
2,52,5,10,28800,1
8,93,1,1,5000,1
8,59,1,6,5000,1
5,63,0,3,9450,1
8,94,0,8,5000,1
3,61,5,4,23150,1
7,50,2,1,5000,1
5,64,4,7,9600,1
5,49,5,10,7350,1
1,40,5,4,34000,1
8,59,1,1,5000,1
2,88,0,7,34200,0
1,80,0,2,40000,0
3,44,3,4,20600,1
6,48,0,9,5000,1
3,45,5,9,20750,1
6,75,5,8,5000,1
2,90,2,11,34500,0
2,67,2,3,31050,0
5,67,5,6,10050,1
4,76,1,8,18400,0
3,62,1,7,23300,1
4,42,2,3,13300,1
7,41,0,7,5000,1
6,69,3,1,5000,1
8,50,4,1,5000,1
4,63,2,3,16450,1
3,61,4,1,23150,1
5,99,0,9,14850,1
2,40,5,10,27000,1
6,47,0,9,5000,1
2,71,4,4,31650,1
2,79,2,10,32850,0
5,63,1,9,9450,1
8,81,4,7,5000,1
3,50,5,6,21500,1
3,65,3,3,23750,1
6,45,2,5,5000,1
5,79,5,2,11850,1
1,62,5,8,37300,1
4,44,5,9,13600,1
2,46,4,4,27900,1
1,76,1,3,39400,0
6,87,5,5,6050,1
2,74,1,9,32100,0
7,41,2,6,5000,1
5,51,5,1,7650,1
5,82,0,12,12300,1
5,80,3,7,12000,1
6,77,1,1,5000,1
1,54,4,7,36100,1
5,73,1,2,10950,1
1,45,2,5,34750,1
1,51,1,9,35650,1
3,96,1,11,28400,0
7,90,0,11,5000,1
5,89,1,3,13350,1
2,85,0,12,33750,0
8,43,4,1,5000,1
6,84,1,10,5600,1
6,94,5,7,7100,1
5,77,5,9,11550,1
4,40,3,1,13000,1
4,98,4,5,21700,1
3,51,1,10,21650,1
5,80,2,6,12000,1
4,82,4,2,19300,1
2,82,0,8,33300,0
3,56,3,2,22400,1
8,77,3,4,5000,1
1,59,1,7,36850,1
5,62,5,9,9300,1
4,73,3,8,17950,1
8,87,4,2,5000,1
1,67,1,9,38050,0
8,56,5,12,5000,1
6,56,5,1,5000,1
5,94,4,3,14100,1
2,92,1,10,34800,0
8,83,2,11,5000,1
3,91,2,10,27650,0
6,91,4,5,6650,1
2,96,1,3,35400,0
5,47,3,3,7050,1
5,60,5,11,9000,1
1,92,1,8,41800,0
7,43,4,8,5000,1
8,95,1,10,5000,1
1,68,3,7,38200,1
3,100,1,9,29000,0
4,77,2,10,18550,0
5,41,1,3,6150,1
3,77,4,10,25550,1
6,66,0,2,5000,1
2,46,4,3,27900,1
6,47,0,11,5000,1
2,66,3,8,30900,1
2,45,0,6,27750,1
8,51,1,3,5000,1
6,94,2,12,7100,1
3,69,1,2,24350,0
1,84,0,5,40600,0
5,53,1,10,7950,1
1,91,5,12,41650,1
5,83,5,11,12450,1
6,67,2,12,5000,1
2,70,0,2,31500,0
6,81,0,6,5150,1
6,49,1,11,5000,1
7,56,0,6,5000,1
3,85,3,9,26750,1
4,91,1,9,20650,0
1,67,0,7,38050,0
6,89,0,10,6350,1
2,44,0,8,27600,1
4,99,2,10,21850,0
6,72,4,12,5000,1
1,77,1,12,39550,0
3,54,5,12,22100,1
5,52,3,8,7800,1
5,51,1,11,7650,1
1,53,2,2,35950,1
5,48,1,5,7200,1
1,41,4,3,34150,1
6,50,2,5,5000,1
1,75,0,9,39250,0
2,95,4,1,35250,1
1,56,2,6,36400,1
7,49,2,6,5000,1
6,97,5,9,7550,1
6,66,3,11,5000,1
8,94,4,3,5000,1
5,100,2,9,15000,1
8,71,4,5,5000,1
3,42,3,2,20300,1
1,82,1,11,40300,0
2,98,4,9,35700,1
5,98,4,9,14700,1
4,75,1,7,18250,0
4,95,1,1,21250,0
6,48,3,11,5000,1
4,95,2,2,21250,0
6,48,0,12,5000,1
6,84,2,7,5600,1
2,61,0,12,30150,1
2,90,4,7,34500,1
3,74,1,10,25100,0
3,61,1,7,23150,1
8,71,4,6,5000,1
1,41,5,4,34150,1
7,97,3,1,5000,1
1,82,0,1,40300,0
6,88,1,6,6200,1
4,44,3,6,13600,1
1,48,0,4,35200,1
4,76,3,11,18400,1
5,85,1,12,12750,1
6,75,2,4,5000,1
4,100,3,4,22000,1
8,84,0,1,5000,1
7,88,5,3,5000,1
3,47,2,2,21050,1
3,71,0,5,24650,0
1,43,5,7,34450,1
2,46,0,1,27900,1
5,93,5,7,13950,1
6,94,3,2,7100,1
3,92,2,2,27800,0
8,73,4,5,5000,1
6,44,3,8,5000,1
2,68,1,10,31200,0
4,99,0,12,21850,0
5,46,0,10,6900,1
5,63,4,10,9450,1
7,79,4,5,5000,1
6,89,3,8,6350,1
4,74,0,11,18100,0
7,75,1,9,5000,1
8,80,3,12,5000,1
6,97,3,11,7550,1
1,79,3,8,39850,1
5,90,3,7,13500,1
5,52,5,12,7800,1
1,90,5,12,41500,1
7,86,0,11,5000,1
6,43,0,7,5000,1
8,65,4,11,5000,1
5,55,5,4,8250,1
6,42,0,2,5000,1
1,54,5,5,36100,1
2,44,0,5,27600,1
4,51,5,6,14650,1
3,81,0,9,26150,0
3,84,4,2,26600,1
3,74,0,11,25100,0
4,96,1,7,21400,0
8,60,3,5,5000,1
2,78,2,8,32700,0
7,49,4,1,5000,1
1,98,4,11,42700,1
2,67,3,2,31050,1
4,51,5,2,14650,1
7,41,0,1,5000,1
6,94,5,12,7100,1
4,95,3,6,21250,1
4,52,2,9,14800,1
8,47,4,4,5000,1
3,57,5,11,22550,1
2,74,5,3,32100,1
7,97,1,12,5000,1
3,68,4,11,24200,1
5,54,0,2,8100,1
7,86,0,7,5000,1
5,81,5,7,12150,1
6,87,2,10,6050,1
6,87,4,3,6050,1
6,69,4,6,5000,1
3,73,5,1,24950,1
8,52,0,7,5000,1
5,71,1,7,10650,1
6,48,4,2,5000,1
7,49,5,11,5000,1
4,97,2,4,21550,0
4,63,3,4,16450,1
8,76,1,12,5000,1
6,83,5,9,5450,1
1,90,4,9,41500,1
7,91,0,7,5000,1
4,68,1,8,17200,0
8,95,3,1,5000,1
8,99,3,1,5000,1
8,61,5,8,5000,1
7,96,2,4,5000,1
6,68,2,11,5000,1
5,62,4,5,9300,1
3,55,4,2,22250,1
5,40,0,5,6000,1
2,78,4,11,32700,1
4,43,1,4,13450,1
6,50,3,10,5000,1
3,71,1,3,24650,0
7,76,3,1,5000,1
2,98,4,9,35700,1
6,55,0,9,5000,1
8,60,4,4,5000,1
5,96,2,2,14400,1
8,87,4,9,5000,1
6,57,0,10,5000,1
7,69,4,5,5000,1
7,55,5,9,5000,1
3,47,5,10,21050,1
7,87,5,6,5000,1
6,58,5,10,5000,1
8,41,2,11,5000,1
1,59,2,4,36850,1
4,61,3,7,16150,1
1,58,5,12,36700,1
8,85,0,7,5000,1
4,42,4,10,13300,1
6,96,4,6,7400,1
1,74,2,7,39100,0
5,41,5,6,6150,1
2,92,5,5,34800,1
5,84,5,10,12600,1
8,43,3,5,5000,1
7,77,0,1,5000,1
4,100,3,9,22000,1
6,84,4,10,5600,1
2,55,2,1,29250,1
7,42,0,6,5000,1
4,41,2,6,13150,1
3,61,3,6,23150,1
7,50,0,11,5000,1
3,64,0,9,23600,1
2,62,1,12,30300,1
7,72,5,1,5000,1
4,57,4,10,15550,1
5,86,3,1,12900,1
5,89,1,3,13350,1
7,61,1,9,5000,1
8,71,2,10,5000,1
4,40,3,10,13000,1
8,57,4,2,5000,1
4,80,3,5,19000,1
8,91,3,7,5000,1
1,56,5,2,36400,1
1,79,1,10,39850,0
4,96,5,1,21400,1
3,41,0,7,20150,1
7,42,4,6,5000,1
2,69,1,2,31350,0
3,64,3,5,23600,1
1,69,5,7,38350,1
8,67,2,2,5000,1
1,81,1,9,40150,0
7,97,3,12,5000,1
5,57,5,10,8550,1
1,74,4,1,39100,1
3,40,5,3,20000,1
4,70,1,12,17500,0
6,65,1,1,5000,1
4,60,2,5,16000,1
8,64,4,1,5000,1
6,50,5,6,5000,1
4,100,3,6,22000,1
2,43,1,12,27450,1
4,73,0,3,17950,0
4,62,3,8,16300,1
1,82,2,6,40300,0
5,53,0,2,7950,1
5,88,2,6,13200,1
2,59,2,8,29850,1
6,84,2,12,5600,1
3,58,3,11,22700,1
4,64,2,10,16600,1
1,77,3,6,39550,1
3,62,5,9,23300,1
5,53,4,4,7950,1
4,97,0,10,21550,0
3,60,0,10,23000,1
3,80,4,9,26000,1
2,77,2,2,32550,0
6,44,5,6,5000,1
2,55,2,11,29250,1
2,42,2,6,27300,1
2,47,4,7,28050,1
2,90,0,3,34500,0
5,42,3,2,6300,1
3,91,2,6,27650,0
2,81,4,8,33150,1
4,79,3,9,18850,1
7,48,1,10,5000,1
3,93,1,5,27950,0
8,71,3,12,5000,1
5,80,4,6,12000,1
1,76,5,7,39400,1
7,76,5,2,5000,1
4,61,3,12,16150,1
2,95,2,8,35250,0
3,51,4,12,21650,1
8,65,2,1,5000,1
5,46,5,2,6900,1
2,92,0,9,34800,0
5,83,3,4,12450,1
5,52,5,3,7800,1
8,52,5,1,5000,1
8,94,0,2,5000,1
1,46,2,4,34900,1
4,57,2,6,15550,1
6,91,3,8,6650,1
8,99,4,7,5000,1
2,73,4,1,31950,1
6,48,0,5,5000,1
1,68,5,7,38200,1
1,93,5,2,41950,1
3,87,4,3,27050,1
3,60,5,1,23000,1
5,55,5,7,8250,1
2,81,3,11,33150,1
1,87,2,12,41050,0
3,76,3,11,25400,1
4,67,5,6,17050,1
2,71,4,1,31650,1
8,41,2,11,5000,1
6,47,5,4,5000,1
4,62,3,8,16300,1
3,88,4,2,27200,1
5,93,5,5,13950,1
7,60,1,12,5000,1
7,57,1,1,5000,1
4,77,5,12,18550,1
3,56,2,10,22400,1
3,52,0,8,21800,1
5,95,0,5,14250,1
2,91,2,4,34650,0
2,77,1,3,32550,0
4,100,1,7,22000,0
7,61,4,5,5000,1
4,87,1,2,20050,0
2,61,1,1,30150,1
8,97,5,8,5000,1
4,76,1,3,18400,0
1,62,0,4,37300,1
6,84,4,12,5600,1
6,90,4,2,6500,1
8,67,0,11,5000,1
5,84,1,8,12600,1
2,88,2,12,34200,0
6,45,5,11,5000,1
2,96,0,8,35400,0
4,71,1,4,17650,0
4,48,5,9,14200,1
5,83,0,6,12450,1
5,86,0,12,12900,1
4,83,5,10,19450,1
3,84,4,5,26600,1
7,94,5,12,5000,1
8,43,2,6,5000,1
4,98,0,6,21700,0
4,45,4,8,13750,1
7,75,0,8,5000,1
5,79,1,9,11850,1
7,98,1,7,5000,1
5,95,0,5,14250,1
3,50,2,4,21500,1
1,59,0,11,36850,1
1,51,1,9,35650,1
2,100,0,1,36000,0
3,66,5,11,23900,1
4,76,3,6,18400,1
1,74,0,6,39100,0
8,61,2,3,5000,1
1,43,0,11,34450,1
7,70,5,3,5000,1
7,92,2,2,5000,1
4,75,0,7,18250,0
5,44,1,9,6600,1
6,74,1,10,5000,1
6,71,1,7,5000,1
3,60,5,4,23000,1
3,49,0,3,21350,1
1,92,3,7,41800,1
5,65,3,2,9750,1
1,67,0,12,38050,0
3,73,0,8,24950,0
2,92,4,6,34800,1
2,74,2,6,32100,0
4,89,3,7,20350,1
5,64,0,3,9600,1
6,46,0,11,5000,1
1,87,3,8,41050,1
4,65,5,1,16750,1
2,55,3,9,29250,1
5,86,2,9,12900,1
5,47,0,3,7050,1
5,74,1,5,11100,1
8,82,2,8,5000,1
3,78,2,5,25700,0
4,51,4,8,14650,1
4,78,0,9,18700,0
6,100,5,1,8000,1
2,78,4,1,32700,1
7,45,3,1,5000,1
7,46,2,5,5000,1
1,63,1,6,37450,1
2,62,4,9,30300,1
3,43,0,6,20450,1
1,49,4,3,35350,1
8,41,1,4,5000,1
8,54,5,1,5000,1
4,76,4,2,18400,1
8,51,4,11,5000,1
4,43,4,8,13450,1
5,47,0,9,7050,1
1,42,5,8,34300,1
2,48,3,5,28200,1
6,46,4,2,5000,1
4,84,3,3,19600,1
4,96,1,8,21400,0
3,75,5,7,25250,1
6,59,3,2,5000,1
6,97,2,4,7550,1
3,58,1,3,22700,1
6,72,5,12,5000,1
7,83,0,11,5000,1
5,76,1,2,11400,1
8,92,0,10,5000,1
8,93,3,4,5000,1
1,53,1,12,35950,1
2,43,0,5,27450,1
7,99,2,4,5000,1
4,82,0,3,19300,0
2,95,2,4,35250,0
4,66,2,10,16900,0
2,87,2,7,34050,0
6,95,0,8,7250,1
7,67,5,5,5000,1
8,56,3,5,5000,1
1,64,0,6,37600,1
2,56,5,1,29400,1
3,94,4,11,28100,1
1,58,1,4,36700,1
6,98,3,10,7700,1
1,74,0,5,39100,0
1,62,1,10,37300,1
5,82,0,3,12300,1
8,54,0,5,5000,1
6,78,3,1,5000,1
1,73,2,3,38950,0
8,92,4,7,5000,1
6,71,4,4,5000,1
2,69,4,3,31350,1
5,80,2,10,12000,1
1,64,5,5,37600,1
8,90,1,10,5000,1
1,84,5,4,40600,1
6,99,4,5,7850,1
7,75,3,10,5000,1
2,88,0,7,34200,0
5,87,4,2,13050,1
7,48,1,1,5000,1
2,90,2,9,34500,0
4,92,4,6,20800,1
5,61,3,5,9150,1
4,100,2,10,22000,0
7,77,5,2,5000,1
8,44,4,9,5000,1
8,93,3,1,5000,1
3,69,2,4,24350,0
7,91,4,7,5000,1
3,57,4,2,22550,1
2,99,4,4,35850,1
7,67,0,8,5000,1
4,100,4,1,22000,1
7,80,5,12,5000,1
4,87,2,8,20050,0
3,48,5,10,21200,1
4,50,1,3,14500,1
2,70,0,4,31500,0
7,89,1,8,5000,1
3,71,0,11,24650,0
6,52,2,10,5000,1
7,95,4,11,5000,1
2,96,0,12,35400,0
8,83,2,10,5000,1
8,97,0,1,5000,1
7,44,3,7,5000,1
2,46,3,1,27900,1
2,100,5,2,36000,1
3,90,3,7,27500,1
4,46,3,1,13900,1
1,64,0,2,37600,1
3,45,0,3,20750,1
1,42,4,10,34300,1
6,78,0,8,5000,1
1,44,3,10,34600,1
6,65,4,2,5000,1
3,83,3,2,26450,1
7,78,5,7,5000,1
7,71,3,9,5000,1
1,42,5,3,34300,1
3,59,4,11,22850,1
2,57,5,6,29550,1
3,67,5,11,24050,1
4,58,1,6,15700,1
8,76,0,10,5000,1
8,59,3,12,5000,1
6,99,5,2,7850,1
8,80,0,10,5000,1
7,85,3,11,5000,1
1,59,4,3,36850,1
4,59,5,1,15850,1
3,69,2,5,24350,0
5,99,5,1,14850,1
5,97,0,5,14550,1
4,70,1,8,17500,0
2,66,1,3,30900,0
8,93,5,2,5000,1
3,50,4,6,21500,1
8,95,4,9,5000,1
1,59,5,3,36850,1
8,94,2,2,5000,1
6,48,4,3,5000,1
3,90,5,6,27500,1
5,92,1,8,13800,1
6,58,0,8,5000,1
4,55,2,2,15250,1
1,95,1,12,42250,0
5,52,0,5,7800,1
5,43,5,3,6450,1
6,64,1,11,5000,1
8,65,3,6,5000,1
3,72,5,12,24800,1
5,94,3,6,14100,1
2,45,0,9,27750,1
3,97,5,8,28550,1
7,73,5,12,5000,1
2,47,1,1,28050,1
5,66,3,1,9900,1
6,42,0,2,5000,1
5,46,3,10,6900,1
1,100,0,4,43000,0
4,40,2,6,13000,1
1,83,4,11,40450,1
4,96,3,11,21400,1
6,40,1,8,5000,1
1,52,1,8,35800,1
6,55,4,10,5000,1
5,67,5,6,10050,1
3,75,5,7,25250,1
4,48,0,6,14200,1
1,93,0,3,41950,0
4,42,2,9,13300,1
2,84,5,11,33600,1
8,76,2,6,5000,1
5,49,3,11,7350,1
7,55,0,7,5000,1
8,60,4,5,5000,1
3,45,4,5,20750,1
8,99,3,1,5000,1
8,62,3,7,5000,1
2,71,0,2,31650,0
6,40,5,10,5000,1
3,98,3,7,28700,1
4,65,3,3,16750,1
2,83,2,12,33450,0
5,57,1,4,8550,1
7,41,5,9,5000,1
3,62,2,8,23300,1
1,75,5,2,39250,1
7,98,4,11,5000,1
2,45,4,8,27750,1
6,70,1,8,5000,1
6,81,5,3,5150,1
2,87,0,2,34050,0
6,75,0,7,5000,1
1,54,2,10,36100,1
1,73,3,6,38950,1
4,74,0,11,18100,0
5,47,4,7,7050,1
2,71,1,7,31650,0
6,67,0,4,5000,1
8,67,2,8,5000,1
4,96,3,8,21400,1
5,60,5,10,9000,1
8,68,4,5,5000,1
4,86,5,2,19900,1
7,50,1,11,5000,1
2,58,3,3,29700,1
4,73,2,12,17950,0
5,66,1,9,9900,1
7,67,4,2,5000,1
4,49,1,10,14350,1
1,58,3,12,36700,1
5,75,3,7,11250,1
6,80,0,8,5000,1
7,98,4,12,5000,1
5,58,2,8,8700,1
7,51,3,4,5000,1
4,78,0,2,18700,0
8,86,5,12,5000,1
8,99,2,5,5000,1
8,97,1,3,5000,1
8,94,2,8,5000,1
3,41,4,8,20150,1
5,100,3,2,15000,1
6,70,0,7,5000,1
1,74,3,1,39100,1
4,100,5,10,22000,1
2,98,4,10,35700,1
7,50,1,6,5000,1
4,57,4,1,15550,1
8,66,0,2,5000,1
4,81,5,12,19150,1
3,70,5,11,24500,1
2,88,0,2,34200,0
5,84,1,12,12600,1
8,68,3,6,5000,1
4,54,2,8,15100,1
6,86,2,9,5900,1
2,71,4,8,31650,1
3,81,4,1,26150,1
4,43,4,9,13450,1
4,62,4,3,16300,1
2,75,2,11,32250,0
4,75,3,11,18250,1
6,59,2,6,5000,1
8,87,2,6,5000,1
8,82,3,11,5000,1
1,56,3,3,36400,1
7,75,2,9,5000,1
3,97,3,3,28550,1
8,64,4,11,5000,1
8,65,1,12,5000,1
8,85,3,8,5000,1
8,93,1,9,5000,1
5,74,4,8,11100,1
6,90,5,4,6500,1
4,43,2,4,13450,1
8,47,1,2,5000,1
2,59,4,3,29850,1
5,69,5,11,10350,1
7,89,4,5,5000,1
6,58,5,7,5000,1
8,66,5,7,5000,1
8,72,4,7,5000,1
5,85,2,5,12750,1
4,85,1,12,19750,0
8,77,0,7,5000,1
8,91,2,4,5000,1
7,54,1,4,5000,1
1,85,1,7,40750,0
5,93,4,12,13950,1
7,85,4,12,5000,1
3,74,0,9,25100,0
8,83,4,8,5000,1
4,54,1,9,15100,1
3,89,5,10,27350,1
2,50,2,6,28500,1
3,100,0,7,29000,0
1,96,5,8,42400,1
5,42,0,6,6300,1
2,51,2,9,28650,1
2,44,5,7,27600,1
6,59,0,1,5000,1
8,63,1,8,5000,1
1,53,5,8,35950,1
5,88,0,6,13200,1
4,69,0,7,17350,0
5,83,2,2,12450,1
1,57,3,5,36550,1
8,62,3,11,5000,1
7,66,2,1,5000,1
1,68,1,7,38200,0
4,63,3,4,16450,1
4,85,3,11,19750,1
2,91,2,5,34650,0
7,52,4,10,5000,1
1,79,0,9,39850,0
7,84,5,8,5000,1
8,55,0,4,5000,1
4,73,0,2,17950,0
2,62,3,5,30300,1
1,60,4,5,37000,1
2,68,4,9,31200,1
5,89,4,2,13350,1
1,83,0,2,40450,0
7,86,2,12,5000,1
4,91,3,12,20650,1
3,40,3,7,20000,1
3,97,3,7,28550,1
2,55,1,1,29250,1
4,71,3,3,17650,1
8,56,5,11,5000,1
1,88,0,8,41200,0
1,50,3,5,35500,1
5,88,2,7,13200,1
2,81,5,5,33150,1
5,46,5,11,6900,1
5,59,3,11,8850,1
7,95,1,11,5000,1
5,45,2,10,6750,1
4,84,3,1,19600,1
8,83,4,10,5000,1
7,47,5,9,5000,1
7,82,0,8,5000,1
6,47,4,3,5000,1
3,50,5,8,21500,1
5,69,4,12,10350,1
2,69,5,11,31350,1
6,76,0,4,5000,1
3,77,1,9,25550,0
8,87,2,12,5000,1
6,50,3,10,5000,1
2,64,2,6,30600,1
6,42,3,12,5000,1
4,55,3,10,15250,1
1,57,5,3,36550,1
1,41,1,5,34150,1
6,41,2,11,5000,1
3,87,4,1,27050,1
6,63,0,1,5000,1
4,50,4,7,14500,1
7,71,4,11,5000,1
4,96,0,10,21400,0
1,77,4,11,39550,1
6,60,1,11,5000,1
4,49,4,1,14350,1
3,84,2,6,26600,0
2,70,2,12,31500,0
2,79,0,4,32850,0
1,61,1,4,37150,1
5,48,1,5,7200,1
2,59,0,4,29850,1
5,80,5,12,12000,1
6,77,3,3,5000,1
7,79,0,8,5000,1
5,41,5,3,6150,1
4,45,0,8,13750,1
1,73,5,4,38950,1
5,84,3,9,12600,1
1,60,2,6,37000,1
4,65,4,9,16750,1
5,74,4,9,11100,1
3,78,3,2,25700,1
1,100,3,6,43000,1
3,45,1,5,20750,1
7,47,0,1,5000,1
2,63,3,8,30450,1
8,93,4,4,5000,1
1,99,5,2,42850,1
8,45,2,1,5000,1
4,86,5,10,19900,1
8,80,0,5,5000,1
6,79,1,11,5000,1
7,50,3,12,5000,1
8,92,2,1,5000,1
1,43,2,12,34450,1
1,91,1,8,41650,0
1,73,1,5,38950,0
4,86,5,3,19900,1
3,81,2,6,26150,0
5,85,1,6,12750,1
3,93,3,8,27950,1
1,63,5,4,37450,1
2,60,4,10,30000,1
2,80,0,12,33000,0
8,75,3,2,5000,1
3,45,4,6,20750,1
7,95,2,8,5000,1
5,99,0,6,14850,1
4,66,1,7,16900,0
6,77,0,2,5000,1
8,96,4,12,5000,1
7,90,5,3,5000,1
5,69,3,9,10350,1
5,53,2,4,7950,1
5,81,0,12,12150,1
3,99,1,12,28850,0
8,71,3,4,5000,1
7,53,5,4,5000,1
7,70,0,3,5000,1
6,85,5,3,5750,1
7,59,1,2,5000,1
3,100,5,12,29000,1
2,66,4,2,30900,1
3,86,5,5,26900,1
6,45,0,1,5000,1
3,88,4,11,27200,1
2,75,2,5,32250,0
5,78,5,9,11700,1
4,84,5,7,19600,1
5,48,4,2,7200,1
1,53,2,4,35950,1
6,75,3,5,5000,1
7,45,0,6,5000,1
2,64,0,5,30600,1
3,58,1,11,22700,1
1,100,3,1,43000,1
7,54,0,9,5000,1
8,97,5,11,5000,1
7,50,4,1,5000,1
6,97,5,10,7550,1
4,52,3,2,14800,1
5,69,2,12,10350,1
6,61,1,8,5000,1
8,87,5,10,5000,1
5,82,0,8,12300,1
5,81,1,3,12150,1
6,54,4,7,5000,1
2,46,0,2,27900,1
8,82,4,8,5000,1
7,94,1,11,5000,1
2,44,0,2,27600,1
4,65,0,11,16750,0
6,89,3,5,6350,1
5,75,3,8,11250,1
8,96,3,11,5000,1
6,42,3,9,5000,1
1,48,3,7,35200,1
6,48,1,4,5000,1
1,97,5,10,42550,1
3,47,5,8,21050,1
4,81,5,2,19150,1
6,63,0,2,5000,1
3,100,5,3,29000,1
6,51,4,1,5000,1
5,46,1,11,6900,1
7,51,0,1,5000,1
1,47,4,9,35050,1
4,63,2,3,16450,1
1,99,1,6,42850,0
8,75,3,8,5000,1
3,67,4,6,24050,1
5,81,2,8,12150,1
4,41,1,5,13150,1
3,59,1,8,22850,1
6,81,0,4,5150,1
2,81,2,10,33150,0
8,41,2,3,5000,1
3,63,2,8,23450,1
2,60,2,9,30000,1
1,81,5,9,40150,1
5,92,1,1,13800,1
8,44,5,3,5000,1
7,45,2,10,5000,1
4,75,2,1,18250,0
2,84,0,7,33600,0
8,72,2,4,5000,1
5,48,4,10,7200,1
2,43,2,6,27450,1
3,57,0,6,22550,1
3,83,4,7,26450,1
4,94,0,7,21100,0
3,62,1,8,23300,1
6,79,5,4,5000,1
8,72,1,7,5000,1
3,97,1,6,28550,0
1,65,0,4,37750,0
7,92,1,2,5000,1
3,80,3,11,26000,1
8,73,2,5,5000,1
3,96,5,2,28400,1
7,95,5,5,5000,1
5,81,5,10,12150,1
6,44,2,6,5000,1
7,96,1,11,5000,1
3,90,3,9,27500,1
4,91,2,1,20650,0
1,94,0,2,42100,0
5,81,0,7,12150,1
5,49,2,7,7350,1
7,72,0,12,5000,1
8,53,3,11,5000,1
2,77,0,6,32550,0
6,66,5,2,5000,1
2,75,4,6,32250,1
2,89,3,12,34350,1
5,81,5,10,12150,1
6,62,1,12,5000,1
1,41,4,6,34150,1
7,66,2,11,5000,1
2,92,3,12,34800,1
3,97,4,10,28550,1
1,91,3,4,41650,1
6,63,4,5,5000,1
4,77,4,11,18550,1
6,62,2,3,5000,1
8,49,5,3,5000,1
8,42,4,2,5000,1
5,80,0,9,12000,1
4,89,2,1,20350,0
2,87,4,8,34050,1
5,55,1,11,8250,1
2,84,5,12,33600,1
1,55,2,5,36250,1
8,42,2,2,5000,1
6,98,4,9,7700,1
3,40,0,6,20000,1
5,59,0,9,8850,1
2,41,5,3,27150,1
2,100,4,7,36000,1
8,40,1,10,5000,1
4,79,4,7,18850,1
8,50,1,1,5000,1
5,95,5,4,14250,1
4,58,4,8,15700,1
7,94,2,1,5000,1
8,67,5,10,5000,1
5,53,1,11,7950,1
4,56,4,2,15400,1
6,78,5,9,5000,1
5,45,1,3,6750,1
3,60,2,8,23000,1
1,80,5,12,40000,1
2,44,3,7,27600,1
3,86,0,10,26900,0
5,96,2,9,14400,1
4,42,3,4,13300,1
2,77,0,5,32550,0
1,45,1,6,34750,1
2,70,3,7,31500,1
3,74,3,7,25100,1
7,67,2,9,5000,1
8,60,5,5,5000,1
1,81,3,1,40150,1
5,56,4,1,8400,1
7,82,5,10,5000,1
2,53,3,1,28950,1
1,96,5,8,42400,1
5,45,4,11,6750,1
4,67,1,7,17050,0
4,96,5,1,21400,1
3,57,5,10,22550,1
1,65,2,4,37750,0
6,88,3,4,6200,1
7,47,0,9,5000,1
4,68,3,9,17200,1
1,97,0,5,42550,0
2,98,3,10,35700,1
7,96,5,9,5000,1
7,50,0,12,5000,1
3,74,2,10,25100,0
7,89,4,7,5000,1
3,46,1,9,20900,1
6,81,2,1,5150,1
7,59,2,11,5000,1
8,81,5,6,5000,1
5,56,1,12,8400,1
8,68,3,10,5000,1
1,42,0,4,34300,1
7,55,1,9,5000,1
8,92,3,1,5000,1
3,79,2,4,25850,0
3,100,4,3,29000,1
8,65,1,5,5000,1
6,65,2,8,5000,1
3,54,0,1,22100,1
8,58,2,12,5000,1
7,70,5,10,5000,1
2,61,0,4,30150,1
7,97,1,10,5000,1
3,95,5,2,28250,1
4,71,3,1,17650,1
7,88,5,3,5000,1
5,93,3,12,13950,1
8,52,5,6,5000,1
6,57,1,5,5000,1
2,74,2,10,32100,0
5,86,0,4,12900,1
7,46,2,5,5000,1
3,97,2,3,28550,0
2,84,4,3,33600,1
7,56,3,4,5000,1
4,64,1,11,16600,1
3,74,1,11,25100,0
2,64,3,1,30600,1
6,89,3,6,6350,1
7,76,4,9,5000,1
4,84,0,11,19600,0
5,46,0,10,6900,1
4,90,5,10,20500,1
8,46,0,5,5000,1
7,77,2,5,5000,1
6,93,4,5,6950,1
2,93,5,3,34950,1
1,64,1,2,37600,1
8,57,0,10,5000,1
1,97,4,10,42550,1
8,89,1,10,5000,1
3,76,1,8,25400,0
8,83,1,7,5000,1
2,80,0,1,33000,0
7,98,1,10,5000,1
8,46,1,4,5000,1
7,88,3,4,5000,1
5,45,1,1,6750,1
5,55,4,4,8250,1
2,58,4,5,29700,1
6,62,1,2,5000,1
5,72,4,8,10800,1
4,50,5,6,14500,1
4,87,3,1,20050,1
8,58,2,8,5000,1
7,85,1,3,5000,1
8,81,3,10,5000,1
7,45,1,7,5000,1
3,91,2,3,27650,0
8,58,3,3,5000,1
4,93,1,1,20950,0
8,99,3,2,5000,1
4,80,4,6,19000,1
4,90,4,4,20500,1
8,45,1,12,5000,1
4,77,3,5,18550,1
7,92,1,2,5000,1
6,51,2,10,5000,1
6,64,2,11,5000,1
4,48,4,2,14200,1
7,87,4,11,5000,1
7,41,4,8,5000,1
4,98,5,4,21700,1
4,94,5,4,21100,1
3,87,0,8,27050,0
2,67,5,12,31050,1
3,98,0,12,28700,0
4,98,0,8,21700,0
6,66,5,4,5000,1
7,84,5,7,5000,1
4,52,3,9,14800,1
4,91,4,6,20650,1
5,69,0,9,10350,1
7,62,5,8,5000,1
8,86,5,7,5000,1
4,83,5,4,19450,1
1,97,0,10,42550,0
4,71,2,5,17650,0
8,93,3,8,5000,1
7,90,1,6,5000,1
3,97,0,5,28550,0
1,56,2,2,36400,1
3,73,4,9,24950,1
2,66,5,9,30900,1
2,44,0,10,27600,1
4,55,2,7,15250,1
2,49,4,1,28350,1
3,63,2,11,23450,1
2,52,4,6,28800,1
7,41,1,4,5000,1
2,65,5,6,30750,1
3,89,4,4,27350,1
1,85,3,10,40750,1
7,90,1,5,5000,1
6,83,3,1,5450,1
7,68,5,11,5000,1
5,85,2,8,12750,1
3,46,1,11,20900,1
6,82,4,12,5300,1
5,65,1,2,9750,1
7,84,0,4,5000,1
4,57,3,1,15550,1
7,58,1,9,5000,1
5,86,3,12,12900,1
5,93,2,11,13950,1
5,88,0,11,13200,1
5,52,1,10,7800,1
4,83,0,10,19450,0
7,84,4,4,5000,1
2,61,3,3,30150,1
5,47,2,6,7050,1
8,97,2,7,5000,1
4,43,2,4,13450,1
2,85,5,3,33750,1
6,51,2,6,5000,1
6,95,2,4,7250,1
4,67,0,5,17050,0
2,100,3,12,36000,1
6,62,0,1,5000,1
3,96,3,7,28400,1
4,74,2,9,18100,0
3,52,4,1,21800,1
4,77,2,6,18550,0
3,96,0,11,28400,0
3,68,4,9,24200,1
2,69,5,3,31350,1
1,77,5,8,39550,1
7,70,1,8,5000,1
2,80,0,1,33000,0
5,90,4,2,13500,1
8,82,1,4,5000,1
8,53,5,5,5000,1
3,96,0,11,28400,0
4,78,5,5,18700,1
2,42,3,7,27300,1
7,97,1,9,5000,1
8,59,4,11,5000,1
5,51,3,9,7650,1
7,75,1,9,5000,1
7,57,1,2,5000,1
1,53,1,12,35950,1
8,88,4,9,5000,1
5,43,2,8,6450,1
6,76,4,3,5000,1
3,42,1,9,20300,1
3,64,2,9,23600,1
4,68,2,11,17200,0
1,83,5,12,40450,1
5,56,1,6,8400,1
2,90,2,11,34500,0
7,56,3,7,5000,1
4,42,3,11,13300,1
6,79,3,8,5000,1
8,99,3,10,5000,1
3,87,1,5,27050,0
8,43,5,11,5000,1
6,62,0,8,5000,1
1,88,4,2,41200,1
2,55,5,5,29250,1
3,71,4,8,24650,1
1,55,5,3,36250,1
7,57,5,2,5000,1
6,82,5,12,5300,1
5,59,5,8,8850,1
7,47,3,11,5000,1
6,91,0,2,6650,1
2,64,4,2,30600,1
3,75,5,2,25250,1
5,72,1,4,10800,1
3,82,5,12,26300,1
8,42,1,9,5000,1
8,46,3,9,5000,1
1,48,5,1,35200,1
7,61,2,12,5000,1
8,50,3,12,5000,1
1,64,0,6,37600,1
3,87,3,4,27050,1
6,75,2,12,5000,1
2,56,2,2,29400,1
2,63,2,9,30450,1
1,82,4,11,40300,1
2,96,3,5,35400,1
3,73,2,10,24950,0
7,71,5,11,5000,1
4,72,3,11,17800,1
3,91,4,9,27650,1
4,76,2,1,18400,0
3,74,5,6,25100,1
2,73,5,7,31950,1
6,62,0,7,5000,1
1,76,0,8,39400,0
7,81,5,5,5000,1
2,78,1,5,32700,0
2,71,4,10,31650,1
2,99,2,2,35850,0
7,50,1,9,5000,1
2,56,0,12,29400,1
1,61,2,9,37150,1
1,57,5,2,36550,1
4,94,0,5,21100,0
8,54,1,11,5000,1
6,58,5,11,5000,1
8,78,4,10,5000,1
6,61,2,1,5000,1
2,65,1,10,30750,0
4,82,2,12,19300,0
4,81,1,3,19150,0
1,74,1,11,39100,0
4,77,1,11,18550,0
5,55,0,7,8250,1
5,62,5,2,9300,1
4,60,5,10,16000,1
5,42,2,12,6300,1
4,70,5,12,17500,1
4,89,1,3,20350,0
3,48,4,10,21200,1
5,45,0,7,6750,1
4,58,0,10,15700,1
7,45,4,12,5000,1
6,72,3,2,5000,1
4,72,3,7,17800,1
4,65,2,11,16750,0
3,93,5,10,27950,1
1,40,1,1,34000,1
3,47,5,8,21050,1
2,65,1,6,30750,0
7,49,5,2,5000,1
1,62,4,8,37300,1
2,100,2,9,36000,0
5,50,5,9,7500,1
8,68,3,10,5000,1
5,63,4,7,9450,1
6,93,2,6,6950,1
3,59,1,12,22850,1
4,75,0,1,18250,0
7,75,0,4,5000,1
2,62,3,4,30300,1
8,86,1,6,5000,1
6,61,5,2,5000,1
4,83,2,6,19450,0
3,76,1,9,25400,0
7,75,0,4,5000,1
4,86,1,6,19900,0
1,42,0,7,34300,1
1,42,0,4,34300,1
1,43,5,9,34450,1
5,56,2,9,8400,1
8,79,1,2,5000,1
2,86,3,2,33900,1
7,57,5,3,5000,1
8,55,1,7,5000,1
2,78,5,5,32700,1
7,75,3,12,5000,1
7,70,2,1,5000,1
4,57,0,12,15550,1
3,72,5,1,24800,1
7,85,2,7,5000,1
6,77,4,1,5000,1
1,87,1,4,41050,0
7,75,4,10,5000,1
5,81,3,5,12150,1
6,94,4,12,7100,1
5,64,1,11,9600,1
3,73,0,6,24950,0
4,86,0,1,19900,0
4,99,0,7,21850,0
2,99,4,6,35850,1
8,59,5,11,5000,1
8,90,2,7,5000,1
3,85,1,3,26750,0
1,83,4,9,40450,1
2,67,3,8,31050,1
2,69,4,5,31350,1
6,45,4,1,5000,1
3,43,0,6,20450,1
6,49,1,4,5000,1
2,72,1,5,31800,0
5,78,4,1,11700,1
5,88,3,10,13200,1
8,47,2,9,5000,1
8,56,3,6,5000,1
1,95,3,6,42250,1
8,100,2,11,5000,1
6,53,2,8,5000,1
8,56,2,8,5000,1
3,86,5,8,26900,1
7,49,0,8,5000,1
7,51,1,6,5000,1
8,50,3,4,5000,1
1,79,4,1,39850,1
1,68,5,12,38200,1
6,60,4,6,5000,1
2,53,4,6,28950,1
2,66,4,10,30900,1
4,77,1,12,18550,0
5,59,3,2,8850,1
1,82,2,10,40300,0
3,40,3,1,20000,1
3,57,5,1,22550,1
1,83,0,6,40450,0
7,62,0,6,5000,1
2,83,0,10,33450,0
3,98,3,11,28700,1
6,46,0,7,5000,1
5,47,4,5,7050,1
2,93,4,10,34950,1
4,89,5,8,20350,1
4,93,5,5,20950,1
3,83,3,2,26450,1
2,70,4,9,31500,1
3,49,3,12,21350,1
7,91,2,9,5000,1
6,92,5,6,6800,1
5,58,2,3,8700,1
4,58,3,2,15700,1
4,69,5,7,17350,1
2,72,1,11,31800,0
8,89,0,12,5000,1
6,61,3,5,5000,1
5,60,5,11,9000,1
2,91,1,11,34650,0
4,45,2,11,13750,1
1,96,5,11,42400,1
4,91,4,2,20650,1
6,78,5,5,5000,1
5,88,4,10,13200,1
4,95,0,12,21250,0
1,66,3,9,37900,1
6,90,1,9,6500,1
1,66,4,11,37900,1
3,95,2,9,28250,0
8,51,2,11,5000,1
4,71,2,5,17650,0
4,100,4,7,22000,1
5,76,1,5,11400,1
1,79,4,8,39850,1
5,68,1,5,10200,1
2,98,0,3,35700,0
4,55,0,11,15250,1
3,92,0,1,27800,0
6,80,4,1,5000,1
6,64,1,6,5000,1
8,67,4,1,5000,1
1,70,1,7,38500,0
6,57,4,9,5000,1
7,96,2,6,5000,1
5,79,3,3,11850,1
2,42,3,9,27300,1
1,92,0,4,41800,0
8,48,5,10,5000,1
8,57,0,11,5000,1
3,51,4,7,21650,1
7,88,5,1,5000,1
1,80,5,6,40000,1
2,81,5,3,33150,1
3,88,1,12,27200,0
7,100,1,10,5000,1
3,61,1,2,23150,1
2,94,0,8,35100,0
7,90,4,7,5000,1
5,57,2,10,8550,1
1,83,4,11,40450,1
1,92,3,1,41800,1
5,62,2,5,9300,1
6,85,0,5,5750,1
6,56,1,9,5000,1
8,93,5,5,5000,1
2,97,3,9,35550,1
8,44,1,8,5000,1
3,51,2,7,21650,1
3,40,1,11,20000,1
4,76,1,2,18400,0
4,41,4,7,13150,1
6,87,0,2,6050,1
1,69,0,7,38350,0
7,81,3,1,5000,1
7,85,5,10,5000,1
4,44,4,7,13600,1
1,49,5,3,35350,1
7,47,0,12,5000,1
1,100,1,11,43000,0
6,42,5,4,5000,1
2,60,3,1,30000,1
8,83,3,4,5000,1
3,90,0,1,27500,0
3,89,5,5,27350,1
8,58,2,7,5000,1
7,55,1,10,5000,1
1,86,0,4,40900,0
6,48,4,3,5000,1
7,85,1,10,5000,1
5,56,1,1,8400,1
3,98,0,1,28700,0
2,95,0,6,35250,0
3,62,4,7,23300,1
3,76,1,3,25400,0
2,82,5,4,33300,1
6,47,3,12,5000,1
1,50,4,9,35500,1
3,45,4,6,20750,1
2,48,2,9,28200,1
2,59,0,6,29850,1
8,70,2,12,5000,1
6,95,0,2,7250,1
1,65,5,7,37750,1
5,71,2,2,10650,1
2,77,5,2,32550,1
3,86,0,2,26900,0
1,84,3,5,40600,1
3,84,4,11,26600,1
6,72,4,9,5000,1
4,63,1,9,16450,1
4,70,5,8,17500,1
6,77,5,4,5000,1
2,44,3,12,27600,1
3,85,4,4,26750,1
6,75,1,11,5000,1
8,96,0,5,5000,1
3,60,1,4,23000,1
8,96,3,9,5000,1
1,47,4,2,35050,1
7,57,3,11,5000,1
8,73,4,11,5000,1
7,95,4,8,5000,1
7,51,3,8,5000,1
1,83,1,9,40450,0
1,49,0,11,35350,1
7,97,5,7,5000,1
6,84,1,12,5600,1
7,47,3,8,5000,1
2,69,2,5,31350,0
4,84,5,11,19600,1
5,60,5,9,9000,1
4,86,2,5,19900,0
3,83,5,3,26450,1
6,85,5,10,5750,1
1,72,0,4,38800,0
2,55,3,10,29250,1
2,54,0,1,29100,1
7,53,3,1,5000,1
1,42,1,9,34300,1
1,97,4,8,42550,1
6,80,1,10,5000,1
8,58,3,3,5000,1
2,82,3,5,33300,1
3,97,3,6,28550,1
2,99,1,5,35850,0
1,92,0,11,41800,0
4,66,5,8,16900,1
6,71,3,1,5000,1
8,52,5,4,5000,1
3,55,5,7,22250,1
4,59,5,7,15850,1
7,96,0,10,5000,1
3,48,2,5,21200,1
8,47,0,11,5000,1
6,65,1,9,5000,1
8,48,5,10,5000,1
3,86,1,1,26900,0
2,64,1,6,30600,1
6,77,1,11,5000,1
2,90,1,12,34500,0
6,82,0,9,5300,1
6,95,4,7,7250,1
6,95,3,11,7250,1
4,78,4,2,18700,1
3,41,3,2,20150,1
7,47,0,6,5000,1
3,66,4,5,23900,1
3,55,3,7,22250,1
6,99,2,8,7850,1
8,90,2,9,5000,1
4,52,3,5,14800,1
4,70,0,4,17500,0
5,83,5,3,12450,1
3,51,4,12,21650,1
1,79,5,2,39850,1
7,52,3,7,5000,1
3,75,4,9,25250,1
1,61,2,10,37150,1
2,84,0,8,33600,0
2,96,5,4,35400,1
1,77,3,2,39550,1
5,84,4,11,12600,1
3,96,0,5,28400,0
8,93,5,11,5000,1
4,83,1,4,19450,0
6,56,3,3,5000,1
8,81,5,12,5000,1
4,77,4,1,18550,1
2,69,2,1,31350,0
3,95,4,7,28250,1
7,86,3,12,5000,1
5,98,1,10,14700,1
4,71,5,6,17650,1
2,51,2,11,28650,1
4,43,2,12,13450,1
4,74,0,7,18100,0
7,98,1,9,5000,1
1,44,1,3,34600,1
1,44,0,5,34600,1
7,66,3,9,5000,1
5,45,1,2,6750,1
4,55,1,9,15250,1
4,75,0,4,18250,0
8,87,1,8,5000,1
6,64,4,10,5000,1
8,58,0,12,5000,1
7,45,3,12,5000,1
7,81,5,3,5000,1
8,51,2,2,5000,1
8,100,0,5,5000,1
4,47,5,5,14050,1
7,42,3,6,5000,1
5,90,1,12,13500,1
8,86,0,7,5000,1
6,68,1,11,5000,1
1,59,3,9,36850,1
7,57,5,5,5000,1
8,85,5,11,5000,1
6,92,0,12,6800,1
4,44,0,2,13600,1
4,57,0,4,15550,1
7,51,1,1,5000,1
7,78,1,11,5000,1
5,90,3,5,13500,1
2,78,1,5,32700,0
7,49,1,9,5000,1
6,69,0,2,5000,1
3,56,3,9,22400,1
7,48,5,1,5000,1
7,72,3,11,5000,1
5,53,5,3,7950,1
8,56,2,3,5000,1
3,54,3,5,22100,1
7,48,0,12,5000,1
4,97,4,8,21550,1
2,79,1,3,32850,0
1,41,1,2,34150,1
1,92,4,4,41800,1
5,78,0,1,11700,1
8,45,4,2,5000,1
1,86,4,6,40900,1
3,40,1,1,20000,1
1,52,2,4,35800,1
3,72,0,12,24800,0
8,67,4,5,5000,1
6,89,3,8,6350,1
5,84,1,1,12600,1
1,64,3,9,37600,1
3,59,4,2,22850,1
4,75,4,5,18250,1
5,54,2,7,8100,1
7,100,3,12,5000,1
6,57,0,4,5000,1
8,64,2,9,5000,1
4,70,3,9,17500,1
2,83,0,8,33450,0
8,93,2,6,5000,1
8,69,1,5,5000,1
7,99,4,2,5000,1
2,92,2,6,34800,0
6,98,0,1,7700,1
3,47,4,3,21050,1
2,84,3,12,33600,1
1,81,3,3,40150,1
6,53,0,1,5000,1
3,70,3,2,24500,1
5,75,0,9,11250,1
6,80,4,5,5000,1
4,74,3,3,18100,1
6,49,0,10,5000,1
8,71,2,9,5000,1
1,46,5,6,34900,1
7,63,3,8,5000,1
4,73,5,11,17950,1
1,52,3,10,35800,1
2,79,3,3,32850,1
8,46,4,3,5000,1
3,95,1,10,28250,0
6,89,4,11,6350,1
4,50,3,4,14500,1
6,81,4,7,5150,1
2,46,5,1,27900,1
5,90,0,9,13500,1
7,61,2,11,5000,1
7,92,3,11,5000,1
1,81,2,9,40150,0
8,46,3,3,5000,1
5,97,4,9,14550,1
4,68,2,5,17200,0
8,95,0,7,5000,1
2,66,0,10,30900,0
1,54,4,3,36100,1
3,60,4,10,23000,1
4,91,2,1,20650,0
1,45,5,2,34750,1
1,62,3,5,37300,1
7,71,1,8,5000,1
4,85,0,9,19750,0
8,68,1,9,5000,1
8,45,5,6,5000,1
5,89,0,5,13350,1
3,94,0,6,28100,0
6,99,3,2,7850,1
5,83,5,12,12450,1
8,49,0,1,5000,1
5,48,5,10,7200,1
6,78,1,4,5000,1
6,97,5,6,7550,1
6,98,3,9,7700,1
4,58,5,1,15700,1
5,75,0,5,11250,1
6,75,5,8,5000,1
7,52,0,5,5000,1
4,100,4,2,22000,1
5,84,0,10,12600,1
7,71,5,9,5000,1
4,55,2,2,15250,1
3,73,1,3,24950,0
2,97,0,12,35550,0
6,56,2,2,5000,1
4,92,3,12,20800,1
1,60,4,7,37000,1
3,53,5,10,21950,1
7,80,5,12,5000,1
1,43,2,9,34450,1
7,45,5,7,5000,1
7,44,4,10,5000,1
7,95,0,7,5000,1
7,70,5,8,5000,1
6,93,4,11,6950,1
5,63,3,8,9450,1
4,83,4,9,19450,1
7,69,5,3,5000,1
8,69,4,8,5000,1
8,80,3,6,5000,1
8,57,2,7,5000,1
5,64,4,1,9600,1
3,68,3,8,24200,1
3,85,2,1,26750,0
5,64,0,9,9600,1
6,51,2,8,5000,1
4,43,3,4,13450,1
8,50,1,6,5000,1
2,94,2,5,35100,0
6,80,4,10,5000,1
5,85,4,12,12750,1
1,54,1,1,36100,1
4,61,4,2,16150,1
1,87,3,10,41050,1
6,83,0,9,5450,1
4,65,3,5,16750,1
2,86,0,1,33900,0
3,69,2,3,24350,0
4,97,2,12,21550,0
6,61,2,3,5000,1
6,80,4,1,5000,1
7,71,5,12,5000,1
8,49,3,4,5000,1
8,59,4,2,5000,1
1,71,2,2,38650,0
7,63,5,10,5000,1
8,42,4,5,5000,1
6,82,5,10,5300,1
6,85,5,6,5750,1
6,92,1,5,6800,1
1,57,4,8,36550,1
2,44,4,2,27600,1
7,56,4,4,5000,1
6,57,4,8,5000,1
1,65,4,3,37750,1
3,45,4,12,20750,1
1,76,4,3,39400,1
5,44,0,4,6600,1
6,79,2,8,5000,1
8,88,2,3,5000,1
7,57,1,5,5000,1
6,95,3,4,7250,1
6,93,5,9,6950,1
2,96,4,2,35400,1
7,73,2,1,5000,1
8,89,1,9,5000,1
6,81,2,12,5150,1
2,50,5,1,28500,1
2,75,4,8,32250,1
8,64,4,1,5000,1
1,68,3,4,38200,1
1,61,5,11,37150,1
6,59,2,2,5000,1
7,89,4,3,5000,1
5,99,1,4,14850,1
1,68,1,2,38200,0
7,68,4,2,5000,1
6,61,1,11,5000,1
1,49,3,1,35350,1
2,45,0,1,27750,1
7,79,0,8,5000,1
6,44,2,2,5000,1
5,45,1,8,6750,1
4,83,1,4,19450,0
4,44,1,2,13600,1
7,76,2,8,5000,1
1,78,4,7,39700,1
3,58,5,3,22700,1
6,92,3,2,6800,1
6,55,3,4,5000,1
6,98,2,7,7700,1
2,48,4,4,28200,1
8,58,4,7,5000,1
6,68,5,6,5000,1
7,47,5,1,5000,1
2,90,0,7,34500,0
4,68,3,9,17200,1
5,79,1,11,11850,1
7,91,3,12,5000,1
5,58,4,10,8700,1
8,84,5,2,5000,1
8,62,1,1,5000,1
2,48,1,10,28200,1
2,79,0,4,32850,0
4,66,1,2,16900,0
4,55,0,3,15250,1
4,96,4,8,21400,1
4,96,4,6,21400,1
2,69,5,9,31350,1
5,43,1,2,6450,1
8,66,4,5,5000,1
3,61,1,5,23150,1
6,41,4,8,5000,1
2,41,1,1,27150,1
5,75,2,5,11250,1
7,98,5,6,5000,1
7,54,4,6,5000,1
3,46,1,5,20900,1
2,43,0,12,27450,1
6,86,5,8,5900,1
2,51,3,5,28650,1
2,88,2,8,34200,0
4,82,5,12,19300,1
4,66,5,7,16900,1
1,60,1,6,37000,1
7,86,5,8,5000,1
1,72,1,4,38800,0
7,63,5,3,5000,1
1,77,3,12,39550,1
2,98,4,6,35700,1
6,92,4,1,6800,1
5,93,2,9,13950,1
5,73,4,2,10950,1
1,58,4,12,36700,1
6,70,5,8,5000,1
6,83,2,3,5450,1
4,48,5,10,14200,1
6,52,0,11,5000,1
2,96,1,7,35400,0
7,80,5,6,5000,1
1,91,3,7,41650,1
6,83,4,11,5450,1
8,84,5,8,5000,1
3,77,4,1,25550,1
2,91,3,11,34650,1
8,87,0,1,5000,1
2,93,1,8,34950,0
6,53,5,12,5000,1
1,70,0,7,38500,0
1,78,5,5,39700,1
5,64,2,2,9600,1
1,61,5,9,37150,1
2,99,1,7,35850,0
3,85,2,3,26750,0
7,58,1,12,5000,1
2,76,0,9,32400,0
3,83,0,4,26450,0
6,49,3,9,5000,1
2,72,2,8,31800,0
7,66,4,3,5000,1
4,61,3,9,16150,1
4,67,5,7,17050,1
6,62,5,11,5000,1
4,53,4,5,14950,1
4,54,0,7,15100,1
3,56,5,8,22400,1
7,83,0,1,5000,1
8,74,1,4,5000,1
8,91,1,8,5000,1
3,56,5,6,22400,1
8,43,4,5,5000,1
1,75,5,10,39250,1
4,91,3,11,20650,1
7,52,1,1,5000,1
8,82,4,8,5000,1
1,87,0,6,41050,0
6,88,2,4,6200,1
6,97,3,6,7550,1
2,61,4,8,30150,1
7,54,2,6,5000,1
6,56,4,6,5000,1
1,64,4,12,37600,1
6,98,1,2,7700,1
7,44,4,2,5000,1
5,79,5,5,11850,1
8,60,2,8,5000,1
4,79,4,7,18850,1
7,44,5,8,5000,1
4,70,1,9,17500,0
8,42,4,6,5000,1
2,95,1,2,35250,0
5,83,2,11,12450,1
5,42,0,1,6300,1
6,48,1,6,5000,1
2,98,0,6,35700,0
1,87,1,12,41050,0
1,49,4,7,35350,1
6,44,2,3,5000,1
3,66,5,5,23900,1
3,53,1,6,21950,1
3,83,1,10,26450,0
5,50,4,10,7500,1
7,46,0,1,5000,1
8,46,4,9,5000,1
6,85,0,9,5750,1
7,60,5,7,5000,1
1,69,2,10,38350,0
7,68,3,7,5000,1
7,87,2,7,5000,1
4,46,0,10,13900,1
7,80,0,2,5000,1
6,60,2,7,5000,1
5,95,1,5,14250,1
3,67,3,10,24050,1
3,59,1,10,22850,1
2,96,4,11,35400,1
8,49,3,12,5000,1
7,52,3,1,5000,1
8,64,4,8,5000,1
1,59,0,3,36850,1
1,48,5,11,35200,1
5,45,3,7,6750,1
8,86,1,1,5000,1
1,53,0,5,35950,1
2,95,2,3,35250,0
3,81,0,9,26150,0
7,80,3,5,5000,1
6,73,3,7,5000,1
2,100,0,8,36000,0
8,98,5,12,5000,1
8,55,0,1,5000,1
3,93,3,11,27950,1
3,84,4,1,26600,1
1,48,5,5,35200,1
6,51,1,4,5000,1
8,87,5,9,5000,1
3,75,2,1,25250,0
8,59,1,6,5000,1
4,100,5,11,22000,1
5,97,5,9,14550,1
5,71,2,5,10650,1
1,89,2,5,41350,0
1,82,2,4,40300,0
8,40,0,1,5000,1
4,84,0,12,19600,0
5,81,3,8,12150,1
4,79,5,8,18850,1
4,85,0,3,19750,0
2,42,5,9,27300,1
6,70,3,9,5000,1
6,98,1,6,7700,1
2,65,1,7,30750,0
7,80,5,6,5000,1
3,60,1,11,23000,1
1,44,1,4,34600,1
3,50,4,3,21500,1
5,80,4,2,12000,1
5,89,4,9,13350,1
4,71,1,5,17650,0
8,64,2,5,5000,1
3,70,3,3,24500,1
7,67,0,2,5000,1
2,88,5,9,34200,1
6,97,1,3,7550,1
5,100,2,5,15000,1
8,40,2,12,5000,1
8,59,0,4,5000,1
2,57,4,2,29550,1
6,61,5,3,5000,1
3,64,2,5,23600,1
1,80,4,1,40000,1
5,54,5,12,8100,1
8,51,0,11,5000,1
6,46,3,12,5000,1
2,44,0,12,27600,1
2,65,3,1,30750,1
1,93,5,1,41950,1
7,65,1,7,5000,1
4,65,1,9,16750,0
7,80,4,12,5000,1
5,44,5,3,6600,1
6,76,0,4,5000,1
4,61,0,2,16150,1
3,61,2,8,23150,1
6,50,4,7,5000,1
6,59,0,6,5000,1
2,98,2,9,35700,0
8,57,1,6,5000,1
6,91,5,4,6650,1
8,49,3,10,5000,1
4,42,2,11,13300,1
2,61,2,2,30150,1
1,78,1,8,39700,0
5,61,3,5,9150,1
6,64,0,6,5000,1
5,76,3,10,11400,1
1,88,4,9,41200,1
3,61,4,2,23150,1
5,88,1,3,13200,1
6,84,0,12,5600,1
4,82,4,10,19300,1
6,55,3,12,5000,1
8,63,1,6,5000,1
4,85,2,6,19750,0
5,59,1,7,8850,1
7,96,2,8,5000,1
8,63,5,1,5000,1
3,78,4,1,25700,1
4,100,2,10,22000,0
2,99,1,5,35850,0
3,44,1,12,20600,1
2,65,2,4,30750,0
7,55,0,9,5000,1
4,96,4,8,21400,1
7,70,4,9,5000,1
7,49,0,1,5000,1
5,53,5,1,7950,1
5,65,5,4,9750,1
8,75,3,5,5000,1
7,90,0,2,5000,1
6,74,2,9,5000,1
2,44,4,10,27600,1
3,94,1,10,28100,0
4,63,0,3,16450,1
5,55,4,7,8250,1
8,100,5,6,5000,1
6,47,2,11,5000,1
6,71,1,11,5000,1
1,85,3,4,40750,1
7,79,1,10,5000,1
8,99,5,11,5000,1
8,96,2,3,5000,1
5,42,2,2,6300,1
5,69,1,6,10350,1
4,54,1,1,15100,1
8,41,0,6,5000,1
8,78,1,8,5000,1
8,98,4,12,5000,1
1,84,0,4,40600,0
2,48,4,4,28200,1
7,99,2,1,5000,1
1,93,3,3,41950,1
7,40,0,7,5000,1
6,96,0,2,7400,1
4,60,5,1,16000,1
7,55,3,4,5000,1
4,96,4,6,21400,1
3,77,4,12,25550,1
2,81,2,2,33150,0
5,78,0,6,11700,1
1,88,2,5,41200,0
8,92,4,1,5000,1
2,57,5,6,29550,1
2,42,5,11,27300,1
3,80,3,6,26000,1
2,71,2,5,31650,0
1,88,1,2,41200,0
4,81,5,10,19150,1
7,83,4,4,5000,1
8,71,1,5,5000,1
7,60,5,9,5000,1
1,81,1,11,40150,0
6,86,5,8,5900,1
1,46,2,1,34900,1
5,53,5,1,7950,1
5,89,2,2,13350,1
7,92,5,12,5000,1
4,67,0,7,17050,0
3,88,4,7,27200,1
7,74,4,2,5000,1
4,59,4,11,15850,1
4,87,4,7,20050,1
5,96,3,9,14400,1
8,94,0,6,5000,1
7,73,5,10,5000,1
8,68,4,11,5000,1
6,74,1,4,5000,1
6,66,5,1,5000,1
4,100,0,3,22000,0
2,51,3,9,28650,1
8,73,1,6,5000,1
4,99,2,3,21850,0
3,41,3,4,20150,1
3,83,2,4,26450,0
4,49,3,4,14350,1
1,40,2,8,34000,1
1,89,1,10,41350,0
7,90,4,8,5000,1
4,81,2,1,19150,0
7,68,1,1,5000,1
7,95,0,1,5000,1
6,76,4,2,5000,1
3,63,3,12,23450,1
3,86,1,10,26900,0
3,96,5,9,28400,1
6,75,0,7,5000,1
5,79,5,6,11850,1
8,63,0,7,5000,1
2,97,1,12,35550,0
6,70,1,1,5000,1
8,89,1,4,5000,1
3,47,0,5,21050,1
3,90,1,3,27500,0
5,50,3,12,7500,1
1,81,0,11,40150,0
2,73,5,4,31950,1
4,79,2,4,18850,0
8,81,0,6,5000,1
3,98,0,9,28700,0
2,99,1,7,35850,0
7,54,3,1,5000,1
6,48,3,1,5000,1
2,96,5,6,35400,1
5,59,0,7,8850,1
4,59,0,3,15850,1
6,65,2,5,5000,1
1,43,4,1,34450,1
8,54,4,10,5000,1
7,56,4,6,5000,1
4,83,4,5,19450,1
5,61,5,7,9150,1
6,65,1,7,5000,1
8,94,4,10,5000,1
3,89,5,3,27350,1
4,64,2,12,16600,1
4,93,3,5,20950,1
7,89,5,6,5000,1
1,66,5,1,37900,1
8,93,0,9,5000,1
4,81,0,11,19150,0
1,69,5,3,38350,1
8,100,5,1,5000,1
2,52,1,2,28800,1
8,85,1,6,5000,1
8,84,5,7,5000,1
2,57,0,9,29550,1
6,60,4,10,5000,1
2,79,1,5,32850,0
1,92,2,12,41800,0
4,50,1,7,14500,1
8,60,1,11,5000,1
3,84,5,7,26600,1
3,56,3,9,22400,1
1,40,2,2,34000,1
1,66,1,5,37900,0
4,70,1,12,17500,0
1,97,2,7,42550,0
2,94,5,4,35100,1
5,94,3,2,14100,1
6,57,4,5,5000,1
4,73,2,5,17950,0
4,58,0,2,15700,1
3,64,4,12,23600,1
6,65,4,1,5000,1
8,81,4,8,5000,1
4,72,3,9,17800,1
6,59,3,1,5000,1
5,63,0,9,9450,1
6,71,5,3,5000,1
5,48,0,10,7200,1
4,53,1,4,14950,1
5,62,3,4,9300,1
4,80,2,9,19000,0
2,52,0,12,28800,1
6,69,5,11,5000,1
1,82,5,2,40300,1
2,92,4,7,34800,1
5,82,0,8,12300,1
4,69,4,2,17350,1
1,48,3,6,35200,1
6,67,5,11,5000,1
1,73,1,1,38950,0
8,50,0,2,5000,1
3,51,5,12,21650,1
7,66,2,9,5000,1
8,59,3,8,5000,1
6,88,5,10,6200,1
2,98,1,6,35700,0
3,42,2,5,20300,1
5,92,1,6,13800,1
5,99,5,11,14850,1
5,100,0,10,15000,1
7,75,2,7,5000,1
5,93,4,11,13950,1
8,70,4,4,5000,1
6,91,0,3,6650,1
1,59,1,2,36850,1
6,52,3,12,5000,1
5,84,3,7,12600,1
5,79,1,9,11850,1
8,63,4,12,5000,1
5,75,2,6,11250,1
4,92,0,3,20800,0
5,50,3,2,7500,1
2,55,0,4,29250,1
3,67,2,11,24050,0
8,52,0,11,5000,1
5,40,5,6,6000,1
8,79,2,1,5000,1
2,62,0,8,30300,1
3,60,4,12,23000,1
5,99,1,7,14850,1
6,50,0,7,5000,1
2,72,4,10,31800,1
4,80,0,7,19000,0
7,100,3,7,5000,1
7,60,3,7,5000,1
3,84,3,11,26600,1
5,71,4,11,10650,1
5,58,3,7,8700,1
4,48,5,10,14200,1
4,57,0,9,15550,1
3,90,1,10,27500,0
2,41,4,3,27150,1
2,56,1,3,29400,1
6,62,1,10,5000,1
4,73,5,7,17950,1
4,62,3,11,16300,1
7,42,0,7,5000,1
2,93,3,3,34950,1
6,84,5,11,5600,1
4,82,0,1,19300,0
1,97,4,2,42550,1
7,92,4,9,5000,1
8,67,5,2,5000,1
7,49,1,8,5000,1
6,93,3,12,6950,1
1,98,4,11,42700,1
5,73,3,2,10950,1
2,89,4,8,34350,1
2,40,4,11,27000,1
7,45,1,1,5000,1
6,59,5,9,5000,1
6,73,3,1,5000,1
6,66,0,4,5000,1
4,55,3,12,15250,1
4,86,4,2,19900,1
3,75,5,2,25250,1
6,61,4,8,5000,1
4,69,4,4,17350,1
2,46,5,2,27900,1
1,100,1,12,43000,0
7,92,1,5,5000,1
5,79,5,9,11850,1
6,77,1,1,5000,1
2,100,3,2,36000,1
3,41,1,11,20150,1
6,80,1,7,5000,1
3,55,3,1,22250,1
4,62,2,12,16300,1
1,94,0,1,42100,0
4,99,2,3,21850,0
6,99,2,6,7850,1
7,68,1,6,5000,1
8,89,3,9,5000,1
4,70,4,10,17500,1
7,94,5,11,5000,1
8,63,2,11,5000,1
5,95,3,10,14250,1
5,100,0,10,15000,1
3,59,3,8,22850,1
5,99,1,3,14850,1
6,44,0,8,5000,1
5,68,4,12,10200,1
1,76,5,3,39400,1
7,93,0,1,5000,1
3,65,2,11,23750,0
3,63,2,4,23450,1
3,80,5,11,26000,1
2,89,4,1,34350,1
2,97,1,10,35550,0
5,86,1,10,12900,1
1,57,2,10,36550,1
4,98,4,4,21700,1
3,69,2,10,24350,0
4,42,0,12,13300,1
3,82,1,7,26300,0
4,83,4,7,19450,1
4,57,2,6,15550,1
4,71,4,6,17650,1
5,71,4,9,10650,1
3,99,2,9,28850,0
6,75,3,11,5000,1
1,85,0,3,40750,0
3,49,5,5,21350,1
4,45,3,12,13750,1
3,57,5,10,22550,1
3,92,0,5,27800,0
1,81,1,2,40150,0
5,43,3,6,6450,1
3,70,2,8,24500,0
2,82,4,12,33300,1
1,62,2,7,37300,1
5,60,3,4,9000,1
4,44,4,8,13600,1
6,44,5,8,5000,1
3,54,1,6,22100,1
7,51,2,6,5000,1
7,48,1,7,5000,1
1,41,0,2,34150,1
6,85,3,7,5750,1
6,53,3,2,5000,1
4,80,3,2,19000,1
8,62,4,2,5000,1
1,41,1,1,34150,1
5,53,0,12,7950,1
7,84,0,5,5000,1
5,56,2,3,8400,1
4,90,3,5,20500,1
6,43,3,11,5000,1
7,91,3,8,5000,1
2,44,3,2,27600,1
7,63,5,7,5000,1
6,96,0,12,7400,1
8,87,3,11,5000,1
5,50,3,7,7500,1
4,66,2,4,16900,0
3,93,3,6,27950,1
2,91,5,11,34650,1
4,93,1,6,20950,0
6,88,3,4,6200,1
5,70,2,6,10500,1
6,87,4,1,6050,1
3,69,1,9,24350,0
6,57,3,9,5000,1
3,86,3,4,26900,1
8,47,0,6,5000,1
5,89,4,6,13350,1
6,61,3,8,5000,1
7,66,0,7,5000,1
2,93,1,11,34950,0
3,83,1,5,26450,0
5,86,3,1,12900,1
2,97,3,7,35550,1
2,67,5,2,31050,1
5,50,1,3,7500,1
1,50,1,8,35500,1
4,90,4,4,20500,1
2,90,0,1,34500,0
8,69,0,1,5000,1
8,89,3,5,5000,1
5,51,4,1,7650,1
8,74,1,5,5000,1
4,74,3,5,18100,1
5,75,2,10,11250,1
4,82,3,8,19300,1
8,81,3,4,5000,1
2,96,5,7,35400,1
2,49,4,6,28350,1
8,55,4,12,5000,1
8,61,5,12,5000,1
1,61,4,4,37150,1
3,85,5,1,26750,1
2,70,5,2,31500,1
3,86,0,2,26900,0
4,67,5,7,17050,1
1,96,2,3,42400,0
8,52,2,12,5000,1
3,69,1,4,24350,0
8,80,0,1,5000,1
3,95,2,3,28250,0
4,86,0,3,19900,0
3,94,4,1,28100,1
4,62,0,3,16300,1
5,65,0,3,9750,1
7,82,2,7,5000,1
7,99,0,7,5000,1
7,97,1,11,5000,1
8,40,0,6,5000,1
5,41,2,9,6150,1
7,54,1,7,5000,1
8,83,0,10,5000,1
7,61,3,3,5000,1
1,66,3,2,37900,1
1,100,4,7,43000,1
6,57,4,6,5000,1
2,57,0,7,29550,1
7,44,3,5,5000,1
5,81,4,6,12150,1
1,68,3,8,38200,1
1,65,1,3,37750,0
1,43,2,1,34450,1
3,46,4,10,20900,1
1,93,3,8,41950,1
4,85,3,12,19750,1
1,53,3,9,35950,1
4,68,4,11,17200,1
8,41,4,11,5000,1
8,73,4,5,5000,1
8,63,3,11,5000,1
5,40,4,6,6000,1
7,82,0,8,5000,1
8,99,4,4,5000,1
8,99,0,9,5000,1
1,83,1,1,40450,0
2,62,5,9,30300,1
4,80,5,3,19000,1
7,94,4,4,5000,1
1,79,3,2,39850,1
5,46,1,2,6900,1
1,83,4,1,40450,1
1,72,3,8,38800,1
6,98,3,1,7700,1
5,41,1,9,6150,1
5,94,4,1,14100,1
2,96,5,11,35400,1
3,63,4,7,23450,1
6,61,5,11,5000,1
8,63,2,9,5000,1
6,83,3,5,5450,1
2,56,4,5,29400,1
8,55,2,2,5000,1
1,69,1,3,38350,0
2,50,0,11,28500,1
3,69,3,10,24350,1
7,49,5,11,5000,1
7,83,1,7,5000,1
2,41,5,11,27150,1
2,44,4,7,27600,1
1,57,4,11,36550,1
6,92,5,8,6800,1
7,78,3,3,5000,1
2,89,2,7,34350,0
3,100,0,6,29000,0
4,82,0,3,19300,0
6,78,0,4,5000,1
5,71,2,8,10650,1
6,98,4,4,7700,1
7,84,4,11,5000,1
8,81,0,1,5000,1
1,67,4,1,38050,1
1,64,5,6,37600,1
7,80,4,7,5000,1
7,48,1,11,5000,1
1,58,3,2,36700,1
4,100,4,5,22000,1
5,50,4,3,7500,1
5,61,5,3,9150,1
3,93,1,1,27950,0
2,42,4,6,27300,1
2,52,2,12,28800,1
1,57,1,6,36550,1
4,42,1,4,13300,1
1,53,3,12,35950,1
5,90,2,9,13500,1
4,68,0,10,17200,0
1,83,3,2,40450,1
4,85,0,8,19750,0
5,77,2,2,11550,1
3,44,2,2,20600,1
8,63,4,10,5000,1
2,54,2,7,29100,1
3,48,4,6,21200,1
1,65,5,10,37750,1
7,79,5,7,5000,1
6,93,5,2,6950,1
7,54,2,6,5000,1
7,40,0,3,5000,1
5,54,3,9,8100,1
2,80,5,3,33000,1
5,50,1,2,7500,1
3,87,0,4,27050,0
8,45,2,6,5000,1
6,65,3,2,5000,1
5,67,4,9,10050,1
3,44,5,11,20600,1
8,71,5,6,5000,1
7,45,5,5,5000,1
5,78,1,10,11700,1
4,50,5,4,14500,1
3,81,3,8,26150,1
7,100,1,9,5000,1
6,87,4,8,6050,1
5,71,2,3,10650,1
3,80,1,8,26000,0
8,82,1,1,5000,1
5,74,3,12,11100,1
4,91,2,12,20650,0
5,73,5,8,10950,1
2,78,1,12,32700,0
2,40,2,8,27000,1
1,94,0,9,42100,0
2,74,1,7,32100,0
8,67,3,6,5000,1
2,52,0,4,28800,1
6,44,2,12,5000,1
3,80,3,2,26000,1
2,69,0,11,31350,0
2,78,5,2,32700,1
4,41,0,11,13150,1
8,89,0,9,5000,1
1,65,3,4,37750,1
3,47,5,8,21050,1
2,77,4,1,32550,1
4,85,4,6,19750,1
5,63,4,6,9450,1
4,54,3,8,15100,1
6,68,3,8,5000,1
3,60,0,1,23000,1
2,47,3,5,28050,1
3,96,0,9,28400,0
2,53,1,3,28950,1
6,63,1,6,5000,1
7,83,5,3,5000,1
5,85,1,10,12750,1
5,71,5,8,10650,1
3,65,0,9,23750,0
5,89,0,3,13350,1
5,69,3,7,10350,1
2,43,1,10,27450,1
2,98,5,9,35700,1
8,91,4,2,5000,1
6,57,5,3,5000,1
7,66,3,3,5000,1
8,91,5,8,5000,1
4,49,1,5,14350,1
1,81,0,2,40150,0
5,60,3,6,9000,1
6,80,4,5,5000,1
5,41,4,10,6150,1
4,98,0,6,21700,0
6,66,2,2,5000,1
4,70,5,12,17500,1
4,90,3,3,20500,1
8,77,3,1,5000,1
7,78,2,9,5000,1
7,52,3,8,5000,1
3,77,2,8,25550,0
7,84,4,3,5000,1
5,95,0,5,14250,1
7,60,4,10,5000,1
5,75,0,9,11250,1
3,52,1,5,21800,1
3,70,3,12,24500,1
1,41,2,11,34150,1
2,92,2,9,34800,0
1,62,3,11,37300,1
2,43,5,5,27450,1
5,53,0,2,7950,1
8,50,3,2,5000,1
2,99,0,7,35850,0
1,43,1,7,34450,1
2,80,2,2,33000,0
2,60,1,1,30000,1
1,48,4,10,35200,1
5,57,5,10,8550,1
1,95,2,2,42250,0
4,87,5,1,20050,1
5,49,4,12,7350,1
6,66,0,1,5000,1
8,75,2,9,5000,1
4,100,3,4,22000,1
2,97,4,9,35550,1
6,62,0,3,5000,1
6,71,0,5,5000,1
1,62,5,6,37300,1
7,99,5,12,5000,1
8,63,4,4,5000,1
2,82,3,5,33300,1
6,45,5,2,5000,1
4,46,4,8,13900,1
1,85,2,8,40750,0
3,71,3,11,24650,1
6,97,2,10,7550,1
8,97,1,10,5000,1
6,73,2,7,5000,1
2,66,4,3,30900,1
7,73,3,2,5000,1
4,57,2,6,15550,1
2,71,1,10,31650,0
1,76,5,4,39400,1
6,41,0,7,5000,1
2,86,1,11,33900,0
4,97,0,10,21550,0
5,70,1,3,10500,1
5,94,1,7,14100,1
8,50,2,11,5000,1
1,95,1,10,42250,0
4,74,3,12,18100,1
2,87,2,7,34050,0
4,80,5,12,19000,1
2,89,0,12,34350,0
3,80,0,4,26000,0
6,42,3,8,5000,1
6,71,0,12,5000,1
5,94,0,5,14100,1
6,92,3,8,6800,1
8,100,5,8,5000,1
1,79,0,5,39850,0
8,73,0,5,5000,1
7,45,3,7,5000,1
3,85,1,8,26750,0
1,76,1,9,39400,0
1,40,3,1,34000,1
1,90,0,9,41500,0
8,53,4,2,5000,1
1,73,4,12,38950,1
2,74,5,1,32100,1
7,53,5,10,5000,1
8,52,4,8,5000,1
4,99,1,4,21850,0
2,70,3,4,31500,1
5,74,1,6,11100,1
3,53,2,6,21950,1
2,63,1,8,30450,1
5,76,1,8,11400,1
6,54,2,1,5000,1
1,83,4,5,40450,1
7,62,0,1,5000,1
6,59,3,6,5000,1
7,78,2,10,5000,1
8,57,3,11,5000,1
2,40,2,5,27000,1
8,57,5,1,5000,1
6,83,2,11,5450,1
2,61,0,6,30150,1
5,97,4,6,14550,1
5,97,3,10,14550,1
6,83,5,1,5450,1
3,67,1,4,24050,0
3,51,3,7,21650,1
8,54,0,5,5000,1
4,75,2,10,18250,0
8,74,2,4,5000,1
3,78,3,10,25700,1
8,68,1,7,5000,1
2,61,0,6,30150,1
6,97,5,5,7550,1
5,46,3,10,6900,1
5,76,2,10,11400,1
1,76,4,10,39400,1
7,69,5,10,5000,1
2,55,1,2,29250,1
1,95,4,1,42250,1
3,44,0,8,20600,1
6,48,0,7,5000,1
1,82,0,6,40300,0
6,83,2,4,5450,1
5,95,1,9,14250,1
1,46,3,10,34900,1
7,45,5,3,5000,1
8,60,5,7,5000,1
7,54,5,11,5000,1
3,64,2,10,23600,1
8,65,5,6,5000,1
8,55,5,11,5000,1
5,47,5,11,7050,1
7,100,2,11,5000,1
4,60,2,12,16000,1
8,70,3,8,5000,1
6,45,3,6,5000,1
5,96,4,8,14400,1
5,72,1,11,10800,1
7,48,3,2,5000,1
7,43,1,4,5000,1
8,41,3,6,5000,1
6,66,5,3,5000,1
2,47,3,12,28050,1
4,68,2,12,17200,0
8,81,1,6,5000,1
2,43,3,2,27450,1
4,56,4,1,15400,1
7,64,4,4,5000,1
4,52,3,1,14800,1
6,51,2,2,5000,1
7,78,1,1,5000,1
5,95,0,3,14250,1
7,100,0,2,5000,1
4,51,0,8,14650,1
6,88,3,4,6200,1
5,97,4,12,14550,1
4,92,5,11,20800,1
2,40,2,11,27000,1
1,50,3,4,35500,1
5,48,0,5,7200,1
7,46,0,2,5000,1
3,45,0,10,20750,1
6,84,0,10,5600,1
4,75,2,3,18250,0
2,99,5,10,35850,1
2,90,1,5,34500,0
8,61,5,7,5000,1
4,47,1,12,14050,1
5,44,2,1,6600,1
7,78,5,4,5000,1
7,44,5,7,5000,1
5,99,1,10,14850,1
4,63,5,1,16450,1
2,46,4,3,27900,1
2,89,4,11,34350,1
4,86,1,3,19900,0
2,46,1,1,27900,1
7,55,5,7,5000,1
7,52,2,11,5000,1
4,53,2,7,14950,1
4,76,2,10,18400,0
4,62,3,4,16300,1
7,65,5,10,5000,1
8,48,5,3,5000,1
3,81,5,5,26150,1
3,70,5,9,24500,1
1,96,4,2,42400,1
8,85,1,11,5000,1
1,42,2,1,34300,1
6,48,0,4,5000,1
2,45,3,8,27750,1
4,87,5,11,20050,1
5,62,0,11,9300,1
1,47,4,1,35050,1
7,78,0,12,5000,1
5,42,2,10,6300,1
7,65,1,11,5000,1
7,43,5,6,5000,1
5,53,2,10,7950,1
3,95,4,5,28250,1
8,62,5,5,5000,1
5,83,3,12,12450,1
4,42,5,7,13300,1
2,94,5,3,35100,1
1,50,1,2,35500,1
6,44,3,1,5000,1
5,97,3,3,14550,1
4,50,1,10,14500,1
4,60,4,6,16000,1
7,48,3,11,5000,1
3,43,3,1,20450,1
8,71,2,9,5000,1
6,66,2,5,5000,1
5,60,0,2,9000,1
8,57,2,12,5000,1
2,63,5,1,30450,1
1,87,5,8,41050,1
1,50,3,8,35500,1
6,91,3,11,6650,1
8,67,0,8,5000,1
1,64,2,2,37600,1
3,49,1,10,21350,1
6,56,4,2,5000,1
5,49,3,6,7350,1
5,94,0,6,14100,1
4,65,0,11,16750,0
7,47,2,6,5000,1
5,57,2,4,8550,1
3,55,5,6,22250,1
6,70,2,11,5000,1
2,87,1,6,34050,0
7,70,4,3,5000,1
7,87,2,7,5000,1
1,53,4,1,35950,1
8,94,1,10,5000,1
5,96,0,7,14400,1
1,55,1,2,36250,1
1,70,5,5,38500,1
7,68,1,9,5000,1
2,99,3,2,35850,1
1,100,5,1,43000,1
7,70,0,1,5000,1
7,45,3,9,5000,1
8,65,0,9,5000,1
2,94,2,2,35100,0
3,79,4,3,25850,1
1,55,2,12,36250,1
7,94,2,11,5000,1
6,72,4,10,5000,1
6,100,0,6,8000,1
2,59,0,12,29850,1
2,44,5,3,27600,1
7,73,0,8,5000,1
7,83,3,11,5000,1
8,66,2,8,5000,1
1,45,0,10,34750,1
1,58,0,3,36700,1
7,95,4,5,5000,1
4,57,3,7,15550,1
4,72,0,11,17800,0
3,50,3,12,21500,1
6,74,1,6,5000,1
1,52,3,10,35800,1
2,56,2,8,29400,1
3,100,4,7,29000,1
4,91,2,4,20650,0
5,94,3,5,14100,1
8,91,5,7,5000,1
8,83,1,1,5000,1
6,98,2,10,7700,1
6,44,0,4,5000,1
8,59,2,5,5000,1
6,88,2,7,6200,1
4,89,1,6,20350,0
1,57,1,11,36550,1
4,51,2,7,14650,1
3,81,5,4,26150,1
5,91,2,2,13650,1
7,50,4,9,5000,1
7,46,0,9,5000,1
8,53,0,8,5000,1
6,44,5,10,5000,1
8,94,5,4,5000,1
1,93,3,8,41950,1
7,72,3,5,5000,1
5,81,3,4,12150,1
8,40,3,9,5000,1
8,90,1,5,5000,1
3,80,1,9,26000,0
2,91,5,9,34650,1
2,95,1,8,35250,0
7,75,2,9,5000,1
8,100,3,1,5000,1
1,99,3,4,42850,1
7,40,1,9,5000,1
6,64,2,4,5000,1
4,66,2,10,16900,0
1,75,3,3,39250,1
3,88,1,9,27200,0
1,41,0,11,34150,1
3,96,3,12,28400,1
2,66,1,7,30900,0
2,68,4,2,31200,1
2,59,4,1,29850,1
1,94,3,5,42100,1
8,77,1,3,5000,1
7,82,4,11,5000,1
3,53,3,4,21950,1
6,86,2,7,5900,1
5,94,4,6,14100,1
7,41,4,10,5000,1
4,68,0,10,17200,0
7,57,0,12,5000,1
3,85,3,10,26750,1
3,66,3,5,23900,1
7,45,3,12,5000,1
8,59,4,4,5000,1
3,84,3,6,26600,1
1,97,4,12,42550,1
7,50,0,12,5000,1
7,50,3,3,5000,1
4,61,0,12,16150,1
6,92,5,10,6800,1
6,78,0,1,5000,1
2,46,4,11,27900,1
3,52,2,4,21800,1
4,61,1,1,16150,1
7,73,4,5,5000,1
8,47,2,7,5000,1
4,49,3,1,14350,1
4,61,0,8,16150,1
2,72,0,8,31800,0
2,46,3,4,27900,1
5,76,0,8,11400,1
2,40,4,7,27000,1
5,78,4,12,11700,1
6,77,5,7,5000,1
5,78,0,4,11700,1
6,41,5,5,5000,1
6,51,4,5,5000,1
2,77,4,7,32550,1
1,74,0,7,39100,0
8,64,5,8,5000,1
6,65,0,1,5000,1
6,64,4,5,5000,1
8,41,2,3,5000,1
6,53,3,1,5000,1
4,56,1,3,15400,1
1,92,5,6,41800,1
1,79,2,3,39850,0
2,56,0,5,29400,1
3,83,0,10,26450,0
2,50,2,6,28500,1
4,80,5,9,19000,1
3,42,5,7,20300,1
2,63,0,2,30450,1
7,75,4,11,5000,1
2,64,4,12,30600,1
8,62,0,12,5000,1
8,80,2,9,5000,1
7,41,3,6,5000,1
5,66,3,3,9900,1
7,67,0,1,5000,1
7,42,4,7,5000,1
6,83,1,2,5450,1
3,68,3,7,24200,1
7,49,4,10,5000,1
4,100,5,4,22000,1
7,64,2,1,5000,1
7,76,2,5,5000,1
2,75,0,3,32250,0
1,95,4,5,42250,1
4,82,1,8,19300,0
8,59,3,11,5000,1
5,54,1,10,8100,1
6,93,0,8,6950,1
4,65,0,10,16750,0
8,40,0,8,5000,1
8,56,1,2,5000,1
5,96,3,1,14400,1
1,75,3,9,39250,1
8,72,2,10,5000,1
5,99,3,2,14850,1
2,75,2,2,32250,0
4,98,5,9,21700,1
1,83,2,1,40450,0
4,61,5,7,16150,1
6,79,5,4,5000,1
3,93,0,1,27950,0
6,88,3,12,6200,1
7,72,3,11,5000,1
2,70,5,7,31500,1
8,64,2,6,5000,1
8,76,4,2,5000,1
4,42,0,3,13300,1
6,87,1,2,6050,1
2,83,5,9,33450,1
5,50,2,10,7500,1
5,70,1,11,10500,1
6,74,1,11,5000,1
7,53,4,8,5000,1
4,82,5,8,19300,1
1,42,4,3,34300,1
8,72,2,4,5000,1
4,87,1,4,20050,0
2,93,3,2,34950,1
2,67,0,6,31050,0
3,80,1,11,26000,0
4,49,4,6,14350,1
4,67,5,6,17050,1
4,75,2,3,18250,0
6,54,1,1,5000,1
8,56,2,5,5000,1
7,91,5,1,5000,1
5,90,3,5,13500,1
1,98,0,8,42700,0
4,49,5,3,14350,1
4,87,4,6,20050,1
7,51,1,2,5000,1
1,82,4,9,40300,1
6,79,5,9,5000,1
1,48,0,10,35200,1
8,99,2,8,5000,1
2,52,1,1,28800,1
2,69,4,1,31350,1
6,54,5,4,5000,1
5,100,3,12,15000,1
8,41,5,7,5000,1
7,82,5,6,5000,1
8,71,1,1,5000,1
5,51,0,7,7650,1
8,85,2,6,5000,1
5,71,3,7,10650,1
8,78,5,8,5000,1
3,53,0,9,21950,1
6,80,5,12,5000,1
8,74,2,5,5000,1
2,73,3,11,31950,1
3,51,0,10,21650,1
8,99,0,11,5000,1
4,81,3,4,19150,1
3,67,0,9,24050,0
6,86,3,5,5900,1
5,49,3,7,7350,1
3,49,3,1,21350,1
8,82,0,9,5000,1
4,81,0,2,19150,0
1,85,4,4,40750,1
1,69,4,9,38350,1
5,80,2,4,12000,1
3,52,4,12,21800,1
8,42,5,10,5000,1
2,84,5,10,33600,1
6,92,1,1,6800,1
3,53,1,7,21950,1
5,42,2,11,6300,1
7,85,0,4,5000,1
8,42,5,9,5000,1
4,92,3,8,20800,1
6,86,4,2,5900,1
5,86,1,9,12900,1
2,61,5,12,30150,1
7,66,4,8,5000,1
8,49,2,3,5000,1
7,84,2,6,5000,1
6,91,0,10,6650,1
5,43,4,7,6450,1
4,91,0,2,20650,0
1,48,3,4,35200,1
2,58,5,4,29700,1
3,96,1,4,28400,0
2,48,2,11,28200,1
1,42,5,12,34300,1
2,57,0,4,29550,1
1,100,5,8,43000,1
7,64,2,8,5000,1
4,82,0,9,19300,0
2,67,1,12,31050,0
1,51,1,12,35650,1
5,64,1,4,9600,1
8,63,0,2,5000,1
1,93,5,6,41950,1
3,95,2,6,28250,0
1,84,4,5,40600,1
7,75,5,10,5000,1
8,41,4,10,5000,1
7,60,4,12,5000,1
5,72,0,6,10800,1
7,84,4,1,5000,1
6,53,5,11,5000,1
3,82,2,6,26300,0
4,67,5,11,17050,1
4,93,0,3,20950,0
1,54,1,5,36100,1
1,76,1,5,39400,0
4,65,1,1,16750,0
3,59,0,4,22850,1
6,66,3,9,5000,1
7,54,0,2,5000,1
7,95,3,8,5000,1
3,72,1,4,24800,0
8,50,4,4,5000,1
1,70,2,9,38500,0
4,66,1,7,16900,0
4,41,2,12,13150,1
2,88,2,12,34200,0
1,52,1,8,35800,1
1,84,5,8,40600,1
7,53,3,3,5000,1
8,49,2,12,5000,1
5,43,2,9,6450,1
6,66,5,1,5000,1
5,80,1,8,12000,1
4,55,0,11,15250,1
7,95,3,10,5000,1
5,72,2,5,10800,1
8,71,1,6,5000,1
6,98,4,12,7700,1
8,93,2,3,5000,1
7,48,1,11,5000,1
3,42,5,1,20300,1
6,69,5,9,5000,1
2,84,0,7,33600,0
2,43,2,6,27450,1
5,90,1,6,13500,1
6,53,1,5,5000,1
4,48,0,7,14200,1
1,50,2,12,35500,1
2,48,5,7,28200,1
7,84,4,7,5000,1
4,92,2,5,20800,0
2,79,3,1,32850,1
5,42,5,4,6300,1
4,71,0,2,17650,0
6,94,0,12,7100,1
8,61,5,2,5000,1
5,75,4,1,11250,1
5,56,0,7,8400,1
3,79,0,4,25850,0
5,71,0,8,10650,1
5,49,4,5,7350,1
3,73,0,3,24950,0
3,41,1,10,20150,1
5,44,0,5,6600,1
6,93,3,3,6950,1
5,67,3,6,10050,1
1,54,2,1,36100,1
5,51,0,1,7650,1
1,41,0,10,34150,1
7,88,4,4,5000,1
5,97,0,11,14550,1
6,72,0,8,5000,1
8,57,5,8,5000,1
6,65,3,7,5000,1
7,68,3,9,5000,1
6,80,3,11,5000,1
3,63,2,12,23450,1
1,72,0,1,38800,0
4,73,3,10,17950,1
2,67,5,8,31050,1
5,50,5,3,7500,1
2,57,5,3,29550,1
2,58,3,6,29700,1
7,92,2,2,5000,1
2,93,5,3,34950,1
1,97,2,11,42550,0
6,68,2,5,5000,1
8,48,5,4,5000,1
5,41,1,2,6150,1
6,66,2,4,5000,1
7,96,0,8,5000,1
7,58,0,3,5000,1
4,59,4,9,15850,1
4,44,3,10,13600,1
1,93,2,8,41950,0
6,65,5,2,5000,1
3,40,1,11,20000,1
1,42,0,11,34300,1
8,41,1,12,5000,1
7,80,3,5,5000,1
3,62,4,8,23300,1
3,68,4,8,24200,1
8,80,1,10,5000,1
4,74,3,6,18100,1
3,84,1,2,26600,0
1,51,2,6,35650,1
8,52,5,7,5000,1
5,75,3,10,11250,1
2,84,2,7,33600,0
6,53,4,3,5000,1
8,77,4,5,5000,1
4,70,4,1,17500,1
4,94,2,3,21100,0
4,47,3,12,14050,1
7,80,4,1,5000,1
3,67,1,2,24050,0
1,63,2,1,37450,1
3,100,2,8,29000,0
8,98,0,11,5000,1
4,40,3,2,13000,1
2,80,5,8,33000,1
4,91,5,9,20650,1
2,74,1,1,32100,0
1,77,3,9,39550,1
4,89,2,3,20350,0
7,58,4,3,5000,1
7,47,1,10,5000,1
3,99,2,3,28850,0
2,81,3,3,33150,1
2,95,4,4,35250,1
3,43,1,3,20450,1
5,56,2,4,8400,1
7,68,5,1,5000,1
4,83,1,6,19450,0
4,57,5,3,15550,1
2,81,0,4,33150,0
2,71,1,2,31650,0
7,95,3,9,5000,1
7,99,5,2,5000,1
3,48,4,10,21200,1
8,78,3,10,5000,1
1,55,0,4,36250,1
1,87,2,11,41050,0
5,71,1,8,10650,1
3,52,0,4,21800,1
3,42,1,11,20300,1
7,73,1,7,5000,1
6,98,0,4,7700,1
2,100,2,10,36000,0
2,62,5,6,30300,1
4,60,3,1,16000,1
6,70,3,8,5000,1
4,47,4,2,14050,1
6,65,3,5,5000,1
4,85,0,12,19750,0
8,44,4,10,5000,1
1,59,4,5,36850,1
2,99,5,10,35850,1
3,100,2,10,29000,0
1,68,2,9,38200,0
6,48,4,9,5000,1
6,92,3,10,6800,1
2,93,1,4,34950,0
3,65,2,10,23750,0
4,48,2,11,14200,1
6,88,5,2,6200,1
1,87,5,8,41050,1
3,66,1,11,23900,0
8,92,2,3,5000,1
4,48,3,10,14200,1
8,94,2,6,5000,1
8,79,3,5,5000,1
2,96,5,7,35400,1
6,58,3,6,5000,1
7,80,3,2,5000,1
1,73,5,4,38950,1
5,68,2,12,10200,1
5,85,4,1,12750,1
2,93,0,1,34950,0
7,84,5,11,5000,1
5,71,0,8,10650,1
7,83,0,8,5000,1
5,95,3,2,14250,1
1,67,1,8,38050,0
5,42,3,12,6300,1
6,77,2,7,5000,1
3,79,3,6,25850,1
5,74,5,6,11100,1
4,63,3,7,16450,1
3,99,5,6,28850,1
6,51,3,2,5000,1
5,53,4,12,7950,1
8,57,0,11,5000,1
1,99,2,6,42850,0
5,41,0,4,6150,1
4,87,3,9,20050,1
6,99,4,4,7850,1
2,92,3,3,34800,1
5,50,3,11,7500,1
4,61,1,5,16150,1
4,63,1,7,16450,1
4,73,0,5,17950,0
5,87,5,1,13050,1
6,98,0,10,7700,1
8,75,3,9,5000,1
5,56,3,12,8400,1
4,51,1,8,14650,1
1,51,4,11,35650,1
1,92,5,3,41800,1
2,49,2,12,28350,1
8,85,1,9,5000,1
4,52,5,10,14800,1
1,63,1,12,37450,1
6,49,3,9,5000,1
1,99,2,3,42850,0
6,81,3,3,5150,1
3,54,3,6,22100,1
2,40,3,2,27000,1
1,76,5,1,39400,1
7,77,5,4,5000,1
7,91,3,6,5000,1
8,41,3,12,5000,1
5,91,3,8,13650,1
4,70,0,2,17500,0
6,42,0,8,5000,1
7,84,4,8,5000,1
2,94,0,7,35100,0
3,49,2,10,21350,1
1,85,0,9,40750,0
6,98,0,4,7700,1
8,53,4,8,5000,1
6,73,0,7,5000,1
3,88,5,9,27200,1
4,73,0,3,17950,0
6,95,5,11,7250,1
5,74,0,1,11100,1
2,80,1,6,33000,0
5,61,1,3,9150,1
1,95,4,2,42250,1
2,49,0,8,28350,1
8,96,3,5,5000,1
5,81,3,8,12150,1
6,52,4,2,5000,1
3,66,2,4,23900,0
7,46,3,1,5000,1
5,85,1,5,12750,1
5,46,0,3,6900,1
2,95,0,11,35250,0
3,77,0,12,25550,0
8,99,3,8,5000,1
6,84,3,9,5600,1
1,68,1,4,38200,0
7,52,0,11,5000,1
2,45,4,3,27750,1
3,98,2,11,28700,0
7,75,0,10,5000,1
2,89,3,4,34350,1
8,50,0,2,5000,1
4,76,5,7,18400,1
5,80,4,8,12000,1
1,95,0,6,42250,0
5,92,5,9,13800,1
8,67,0,11,5000,1
4,64,1,12,16600,1
5,41,4,4,6150,1
3,76,2,3,25400,0
5,50,5,7,7500,1
3,70,4,5,24500,1
1,78,4,8,39700,1
2,45,5,4,27750,1
4,43,5,9,13450,1
6,99,5,11,7850,1
5,47,3,9,7050,1
1,78,5,1,39700,1
3,99,2,3,28850,0
4,59,2,9,15850,1
1,99,5,3,42850,1
3,73,3,4,24950,1
1,91,2,10,41650,0
8,99,2,6,5000,1
5,60,1,10,9000,1
2,47,4,9,28050,1
5,69,2,2,10350,1
4,62,4,7,16300,1
4,75,5,7,18250,1
5,64,4,2,9600,1
5,41,3,11,6150,1
7,79,3,4,5000,1
4,58,3,11,15700,1
4,100,1,11,22000,0
3,91,3,6,27650,1
3,82,0,3,26300,0
7,52,1,1,5000,1
8,99,0,9,5000,1
8,68,0,5,5000,1
8,92,1,1,5000,1
1,78,3,9,39700,1
1,42,2,12,34300,1
4,53,5,4,14950,1
5,57,3,3,8550,1
6,83,0,3,5450,1
2,66,4,1,30900,1
5,76,0,8,11400,1
4,54,5,10,15100,1
6,40,5,3,5000,1
7,63,5,7,5000,1
3,60,5,12,23000,1
2,84,3,5,33600,1
2,79,0,12,32850,0
6,79,3,2,5000,1
3,91,3,11,27650,1
2,62,2,11,30300,1
8,66,1,11,5000,1
6,43,4,2,5000,1
6,48,5,5,5000,1
5,80,2,7,12000,1
3,97,2,10,28550,0
5,85,0,3,12750,1
5,100,3,2,15000,1
6,72,4,10,5000,1
3,92,1,5,27800,0
1,92,4,1,41800,1
5,40,5,4,6000,1
4,47,3,2,14050,1
6,47,5,12,5000,1
7,87,3,5,5000,1
6,85,3,6,5750,1
3,99,4,10,28850,1
7,73,1,4,5000,1
1,73,1,9,38950,0
1,49,0,3,35350,1
2,85,2,6,33750,0
2,74,2,4,32100,0
4,44,1,7,13600,1
7,56,3,10,5000,1
6,71,2,6,5000,1
2,74,5,9,32100,1
5,66,0,11,9900,1
4,73,0,2,17950,0
2,40,1,5,27000,1
7,88,2,1,5000,1
7,99,5,10,5000,1
6,65,2,6,5000,1
3,60,3,3,23000,1
8,98,4,6,5000,1
3,40,4,4,20000,1
3,47,4,7,21050,1
5,44,3,2,6600,1
7,49,1,11,5000,1
3,67,2,4,24050,0
1,68,4,12,38200,1
2,71,1,11,31650,0
4,71,3,11,17650,1
1,100,5,11,43000,1
5,98,2,12,14700,1
5,40,0,5,6000,1
2,69,0,2,31350,0
8,43,5,11,5000,1
6,56,4,8,5000,1
4,81,1,4,19150,0
8,61,1,10,5000,1
8,86,3,3,5000,1
5,53,0,1,7950,1
3,87,2,12,27050,0
6,88,3,6,6200,1
7,51,1,6,5000,1
4,77,5,9,18550,1
8,66,0,11,5000,1
7,44,4,10,5000,1
2,47,1,10,28050,1
2,81,0,1,33150,0
1,78,4,7,39700,1
5,40,0,11,6000,1
5,41,5,9,6150,1
1,86,5,2,40900,1
3,45,5,1,20750,1
2,50,1,6,28500,1
5,78,4,12,11700,1
6,53,2,11,5000,1
1,87,4,8,41050,1
6,58,2,9,5000,1
7,72,3,6,5000,1
8,82,1,11,5000,1
1,68,4,6,38200,1
4,59,2,5,15850,1
5,56,5,10,8400,1
2,74,0,9,32100,0
1,83,3,1,40450,1
5,70,0,3,10500,1
6,58,5,9,5000,1
1,62,1,8,37300,1
2,85,3,8,33750,1
4,59,3,2,15850,1
4,40,2,4,13000,1
8,77,1,7,5000,1
8,64,5,2,5000,1
1,56,5,8,36400,1
4,47,1,2,14050,1
3,67,0,4,24050,0
7,43,0,9,5000,1
5,52,0,7,7800,1
2,44,2,2,27600,1
5,76,5,5,11400,1
6,84,1,5,5600,1
2,62,3,11,30300,1
4,77,0,3,18550,0
6,85,3,6,5750,1
5,54,3,12,8100,1
6,67,1,9,5000,1
8,74,3,4,5000,1
2,87,3,10,34050,1
6,67,1,3,5000,1
8,93,1,1,5000,1
5,90,1,11,13500,1
7,91,5,8,5000,1
7,71,1,1,5000,1
2,56,5,2,29400,1
1,82,5,7,40300,1
6,84,2,5,5600,1
5,62,3,10,9300,1
2,72,1,1,31800,0
3,53,5,1,21950,1
8,40,1,9,5000,1
4,87,0,4,20050,0
5,77,1,3,11550,1
6,69,2,3,5000,1
6,78,5,1,5000,1
3,63,5,9,23450,1
7,90,2,12,5000,1
7,83,1,9,5000,1
7,77,1,10,5000,1
5,94,4,2,14100,1
4,69,3,4,17350,1
5,98,1,4,14700,1
3,76,3,11,25400,1
1,56,1,11,36400,1
1,51,3,7,35650,1
4,46,0,7,13900,1
6,86,4,2,5900,1
5,91,3,7,13650,1
5,51,2,12,7650,1
8,49,5,4,5000,1
7,77,2,8,5000,1
2,77,2,3,32550,0
1,46,2,12,34900,1
4,69,4,9,17350,1
5,40,1,9,6000,1
2,74,3,10,32100,1
2,81,3,12,33150,1
2,71,1,3,31650,0
2,71,4,10,31650,1
6,60,4,2,5000,1
1,55,3,11,36250,1
5,76,4,3,11400,1
7,74,0,9,5000,1
4,64,4,9,16600,1
2,97,0,5,35550,0
8,53,0,9,5000,1
2,56,2,4,29400,1
8,40,4,2,5000,1
5,66,4,1,9900,1
2,82,4,1,33300,1
2,45,0,1,27750,1
4,73,2,8,17950,0
3,84,2,1,26600,0
2,80,3,6,33000,1
2,82,3,8,33300,1
5,96,0,5,14400,1
8,63,2,10,5000,1
5,94,1,2,14100,1
7,60,3,6,5000,1
5,71,2,9,10650,1
4,100,4,6,22000,1
7,96,4,1,5000,1
2,64,4,8,30600,1
7,90,1,3,5000,1
5,100,2,10,15000,1
4,49,1,8,14350,1
3,87,5,7,27050,1
1,94,0,10,42100,0
5,73,4,6,10950,1
2,41,0,10,27150,1
1,52,1,4,35800,1
5,50,2,2,7500,1
6,91,3,5,6650,1
6,58,4,12,5000,1
2,64,0,1,30600,1
2,65,3,8,30750,1
2,41,1,6,27150,1
5,46,1,3,6900,1
2,72,5,3,31800,1
6,49,4,8,5000,1
7,44,5,10,5000,1
8,42,4,2,5000,1
3,55,1,6,22250,1
3,94,4,7,28100,1
8,58,0,10,5000,1
4,42,1,11,13300,1
2,79,2,3,32850,0
1,64,2,10,37600,1
5,75,4,10,11250,1
2,41,2,2,27150,1
5,43,1,10,6450,1
3,98,0,9,28700,0
8,83,5,7,5000,1
6,98,0,3,7700,1
3,96,5,7,28400,1
7,96,4,11,5000,1
5,50,1,4,7500,1
7,56,5,1,5000,1
1,43,4,3,34450,1
2,82,4,8,33300,1
2,94,2,1,35100,0
7,46,2,2,5000,1
3,45,5,3,20750,1
6,44,2,5,5000,1
7,94,0,1,5000,1
1,45,0,10,34750,1
3,69,4,2,24350,1
6,74,0,5,5000,1
7,95,4,1,5000,1
8,52,5,3,5000,1
6,82,4,6,5300,1
8,99,2,3,5000,1
6,58,4,3,5000,1
7,87,0,11,5000,1
8,41,2,1,5000,1
8,47,0,12,5000,1
8,81,3,11,5000,1
7,53,2,11,5000,1
5,92,4,6,13800,1
6,83,3,1,5450,1
3,95,1,2,28250,0
3,77,1,3,25550,0
2,73,1,8,31950,0
1,92,0,11,41800,0
8,93,4,9,5000,1
8,45,5,6,5000,1
7,48,1,10,5000,1
4,96,2,7,21400,0
4,80,3,9,19000,1
7,93,2,12,5000,1
5,80,2,7,12000,1
6,90,4,12,6500,1
8,73,4,4,5000,1
2,51,0,9,28650,1
4,52,2,12,14800,1
6,94,0,4,7100,1
3,79,4,2,25850,1
4,64,1,3,16600,1
1,64,2,6,37600,1
8,100,2,5,5000,1
3,92,0,7,27800,0
2,62,4,10,30300,1
5,41,4,2,6150,1
1,50,2,4,35500,1
2,49,2,3,28350,1
4,61,4,7,16150,1
3,67,5,12,24050,1
6,51,0,2,5000,1
8,92,1,10,5000,1
6,62,1,3,5000,1
2,80,5,5,33000,1
3,96,2,8,28400,0
3,53,2,6,21950,1
3,72,5,9,24800,1
4,96,3,5,21400,1
3,69,5,12,24350,1
3,94,0,2,28100,0
7,100,1,6,5000,1
7,86,3,11,5000,1
1,75,2,5,39250,0
5,43,3,5,6450,1
3,64,0,1,23600,1
4,66,3,5,16900,1
1,53,1,12,35950,1
7,85,5,10,5000,1
4,49,1,8,14350,1
4,81,5,12,19150,1
3,80,0,9,26000,0
6,84,3,11,5600,1
7,73,5,11,5000,1
6,79,3,12,5000,1
3,95,5,5,28250,1
7,53,1,9,5000,1
2,83,3,9,33450,1
6,76,2,7,5000,1
8,70,5,10,5000,1
3,43,0,1,20450,1
5,40,3,12,6000,1
4,94,0,1,21100,0
2,85,2,2,33750,0
3,99,2,1,28850,0
7,76,2,9,5000,1
2,96,5,6,35400,1
6,60,5,10,5000,1
7,97,2,7,5000,1
1,94,0,10,42100,0
3,66,4,6,23900,1
4,45,5,2,13750,1
5,43,5,2,6450,1
4,43,0,4,13450,1
6,63,3,5,5000,1
6,55,3,5,5000,1
7,55,2,5,5000,1
6,55,5,9,5000,1
8,77,3,7,5000,1
8,77,0,12,5000,1
2,59,0,7,29850,1
3,56,1,6,22400,1
5,55,1,8,8250,1
3,88,5,1,27200,1
5,57,3,10,8550,1
4,42,1,9,13300,1
7,91,4,9,5000,1
8,100,0,2,5000,1
4,99,0,12,21850,0
6,45,0,3,5000,1
5,47,3,9,7050,1
4,46,4,10,13900,1
1,94,0,8,42100,0
2,48,5,5,28200,1
3,43,0,12,20450,1
3,84,3,12,26600,1
7,75,3,9,5000,1
4,49,2,11,14350,1
6,89,5,8,6350,1
5,46,0,11,6900,1
6,45,2,10,5000,1
5,73,3,3,10950,1
2,64,5,3,30600,1
6,80,2,8,5000,1
2,88,5,10,34200,1
4,83,0,4,19450,0
3,75,3,11,25250,1
5,91,4,6,13650,1
4,67,3,12,17050,1
8,95,4,10,5000,1
3,58,5,8,22700,1
5,86,2,4,12900,1
1,75,5,11,39250,1
1,62,3,9,37300,1
5,43,0,3,6450,1
8,57,5,1,5000,1
1,66,3,3,37900,1
3,69,0,5,24350,0
7,54,1,6,5000,1
1,66,1,12,37900,0
5,41,0,2,6150,1
6,82,2,9,5300,1
4,59,0,3,15850,1
8,73,4,3,5000,1
7,73,5,7,5000,1
1,64,2,5,37600,1
8,83,0,9,5000,1
8,91,5,7,5000,1
3,63,2,9,23450,1
7,48,2,5,5000,1
6,59,3,1,5000,1
5,63,2,1,9450,1
1,46,4,2,34900,1
5,70,0,8,10500,1
2,53,4,11,28950,1
4,96,0,6,21400,0
6,48,5,5,5000,1
2,49,5,10,28350,1
2,66,0,12,30900,0
1,74,2,2,39100,0
6,82,1,5,5300,1
7,40,0,11,5000,1
8,63,3,3,5000,1
8,47,3,1,5000,1
5,77,1,6,11550,1
5,76,4,7,11400,1
7,45,5,3,5000,1
6,73,1,5,5000,1
7,80,2,1,5000,1
8,72,2,2,5000,1
6,41,4,5,5000,1
2,61,4,4,30150,1
3,40,1,3,20000,1
2,49,0,7,28350,1
1,77,2,8,39550,0
3,99,1,9,28850,0
8,97,4,6,5000,1
7,92,1,2,5000,1
2,49,1,5,28350,1
8,56,5,9,5000,1
6,45,1,4,5000,1
2,49,5,2,28350,1
6,48,3,9,5000,1
3,83,1,9,26450,0
8,79,1,7,5000,1
8,58,5,10,5000,1
4,40,3,1,13000,1
8,88,2,7,5000,1
1,75,5,3,39250,1
1,53,4,2,35950,1
5,70,2,8,10500,1
7,56,4,9,5000,1
8,86,1,3,5000,1
6,71,5,5,5000,1
7,74,3,3,5000,1
1,44,3,1,34600,1
4,71,1,8,17650,0
4,47,2,12,14050,1
5,64,3,7,9600,1
2,43,5,9,27450,1
2,76,5,7,32400,1
4,49,3,2,14350,1
5,65,4,7,9750,1
2,46,4,4,27900,1
1,69,4,10,38350,1
4,92,3,10,20800,1
8,64,4,7,5000,1
5,50,3,3,7500,1
2,77,1,4,32550,0
3,40,2,11,20000,1
1,47,5,2,35050,1
8,55,2,5,5000,1
7,63,1,7,5000,1
6,73,2,12,5000,1
1,46,1,10,34900,1
2,99,3,11,35850,1
4,58,1,4,15700,1
2,45,1,2,27750,1
2,52,1,1,28800,1
2,64,3,7,30600,1
4,91,2,7,20650,0
1,45,2,4,34750,1
6,94,2,1,7100,1
2,45,5,2,27750,1
5,45,2,5,6750,1
1,40,1,12,34000,1
2,43,1,5,27450,1
6,48,3,6,5000,1
5,75,1,7,11250,1
6,99,5,12,7850,1
4,58,3,1,15700,1
7,65,3,9,5000,1
6,43,0,12,5000,1
7,62,2,6,5000,1
5,93,4,5,13950,1
1,73,1,3,38950,0
5,51,0,1,7650,1
2,62,2,5,30300,1
2,93,5,7,34950,1
7,53,5,5,5000,1
2,72,5,6,31800,1
4,56,5,9,15400,1
4,80,0,12,19000,0
7,61,2,10,5000,1
2,45,4,10,27750,1
8,61,3,2,5000,1
2,53,5,1,28950,1
3,74,2,5,25100,0
8,87,5,4,5000,1
3,90,5,7,27500,1
8,40,1,11,5000,1
5,42,2,7,6300,1
4,62,2,12,16300,1
5,80,4,11,12000,1
5,76,5,7,11400,1
2,86,4,9,33900,1
2,95,0,3,35250,0
8,53,5,4,5000,1
7,52,1,2,5000,1
6,60,0,4,5000,1
3,61,3,4,23150,1
4,80,0,4,19000,0
2,72,2,1,31800,0
4,96,0,2,21400,0
4,62,3,6,16300,1
5,64,5,4,9600,1
8,98,1,7,5000,1
4,67,1,2,17050,0
3,64,2,6,23600,1
7,93,2,8,5000,1
1,44,4,1,34600,1
1,72,2,9,38800,0
1,48,5,6,35200,1
1,67,1,12,38050,0
8,79,2,7,5000,1
6,74,3,4,5000,1
8,68,5,3,5000,1
8,94,1,8,5000,1
1,69,3,3,38350,1
2,47,4,9,28050,1
4,86,3,3,19900,1
7,84,1,2,5000,1
8,83,1,6,5000,1
7,67,0,10,5000,1
2,62,5,10,30300,1
6,74,0,4,5000,1
3,98,3,2,28700,1
5,85,3,4,12750,1
7,85,3,2,5000,1
3,79,5,5,25850,1
1,56,1,4,36400,1
6,82,2,10,5300,1
7,60,2,10,5000,1
4,69,2,12,17350,0
6,70,4,2,5000,1
8,40,4,12,5000,1
8,99,5,10,5000,1
4,77,1,2,18550,0
4,74,1,6,18100,0
4,86,4,5,19900,1
4,66,2,8,16900,0
5,62,3,8,9300,1
8,99,1,4,5000,1
5,47,1,12,7050,1
3,59,4,8,22850,1
7,60,4,3,5000,1
2,43,2,11,27450,1
2,64,4,10,30600,1
6,66,4,7,5000,1
7,78,5,6,5000,1
1,77,1,3,39550,0
7,89,0,2,5000,1
4,46,5,10,13900,1
5,96,4,8,14400,1
8,53,1,2,5000,1
3,50,5,8,21500,1
1,40,5,3,34000,1
7,82,1,9,5000,1
8,71,1,5,5000,1
8,64,3,12,5000,1
6,100,3,7,8000,1
2,46,2,2,27900,1
1,84,1,11,40600,0
5,69,1,8,10350,1
1,76,2,1,39400,0
3,58,2,8,22700,1
3,48,1,3,21200,1
6,52,2,4,5000,1
5,59,3,11,8850,1
5,94,4,1,14100,1
3,47,0,9,21050,1
7,96,5,8,5000,1
3,88,1,7,27200,0
4,100,2,2,22000,0
2,65,0,5,30750,0
3,85,4,12,26750,1
8,69,3,12,5000,1
1,91,1,8,41650,0
6,57,2,8,5000,1
5,47,3,9,7050,1
7,55,0,8,5000,1
8,60,1,2,5000,1
8,49,5,9,5000,1
6,69,4,5,5000,1
7,93,5,5,5000,1
3,41,5,12,20150,1
6,59,2,8,5000,1
2,71,0,12,31650,0
3,49,4,5,21350,1
7,87,5,3,5000,1
3,95,1,5,28250,0
6,67,4,7,5000,1
3,99,1,10,28850,0
4,41,2,12,13150,1
6,75,4,2,5000,1
3,74,2,7,25100,0
6,63,5,7,5000,1
3,50,3,1,21500,1
4,57,1,9,15550,1
6,45,4,9,5000,1
5,79,1,4,11850,1
3,53,3,10,21950,1
2,95,3,10,35250,1
6,43,2,6,5000,1
5,84,2,1,12600,1
1,84,4,11,40600,1
1,72,1,12,38800,0
1,93,1,8,41950,0
8,53,3,8,5000,1
6,78,5,3,5000,1
3,46,2,7,20900,1
3,80,0,3,26000,0
3,57,0,3,22550,1
8,87,5,2,5000,1
8,99,3,4,5000,1
6,49,2,7,5000,1
5,60,1,9,9000,1
1,72,5,3,38800,1
8,97,2,1,5000,1
5,60,2,7,9000,1
5,100,5,8,15000,1
6,85,1,11,5750,1
8,65,4,6,5000,1
7,76,3,10,5000,1
8,88,3,8,5000,1
4,64,4,5,16600,1
7,74,0,5,5000,1
6,99,0,8,7850,1
8,67,2,9,5000,1
4,94,4,6,21100,1
5,70,2,8,10500,1
7,92,2,12,5000,1
2,60,2,8,30000,1
3,81,3,8,26150,1
1,45,4,3,34750,1
6,69,4,5,5000,1
7,90,3,10,5000,1
3,60,3,2,23000,1
6,50,3,6,5000,1
2,70,2,7,31500,0
7,54,0,1,5000,1
3,50,1,3,21500,1
8,96,2,10,5000,1
3,47,5,11,21050,1
7,41,4,5,5000,1
1,56,0,6,36400,1
8,68,4,4,5000,1
7,58,1,11,5000,1
2,65,3,9,30750,1
5,78,4,10,11700,1
6,99,3,9,7850,1
2,89,4,2,34350,1
8,96,4,8,5000,1
3,50,5,3,21500,1
2,90,0,4,34500,0
5,63,2,7,9450,1
3,77,2,2,25550,0
2,71,2,11,31650,0
4,79,3,5,18850,1
2,62,2,6,30300,1
4,55,5,8,15250,1
2,49,1,4,28350,1
6,88,5,11,6200,1
7,74,3,11,5000,1
4,94,5,5,21100,1
8,68,0,2,5000,1
3,73,3,8,24950,1
2,43,3,4,27450,1
2,56,2,3,29400,1
6,74,5,2,5000,1
4,95,3,11,21250,1
6,92,0,11,6800,1
2,53,4,2,28950,1
1,98,3,11,42700,1
3,75,3,7,25250,1
4,48,5,6,14200,1
2,63,4,1,30450,1
6,93,5,9,6950,1
6,76,0,6,5000,1
3,98,4,8,28700,1
4,52,1,6,14800,1
7,56,1,4,5000,1
6,62,1,5,5000,1
8,97,2,11,5000,1
2,72,4,11,31800,1
5,99,1,11,14850,1
1,62,2,10,37300,1
3,40,2,8,20000,1
4,87,2,6,20050,0
7,99,1,8,5000,1
1,78,5,2,39700,1
8,65,4,11,5000,1
3,90,0,1,27500,0
7,58,1,10,5000,1
4,93,3,5,20950,1
8,85,1,1,5000,1
7,51,3,2,5000,1
4,79,2,11,18850,0
8,51,2,10,5000,1
8,91,3,3,5000,1
5,98,5,3,14700,1
7,99,5,9,5000,1
3,92,1,11,27800,0
8,91,3,11,5000,1
6,88,5,4,6200,1
5,78,2,7,11700,1
7,53,0,11,5000,1
3,50,5,4,21500,1
7,55,5,3,5000,1
5,92,1,6,13800,1
5,89,4,9,13350,1
1,99,3,8,42850,1
6,90,2,12,6500,1
6,99,1,8,7850,1
7,88,0,5,5000,1
5,61,5,4,9150,1
5,56,5,7,8400,1
6,80,2,2,5000,1
8,75,4,8,5000,1
3,46,3,8,20900,1
2,57,3,7,29550,1
5,69,2,8,10350,1
3,97,1,7,28550,0
2,75,0,5,32250,0
8,41,5,10,5000,1
4,40,4,7,13000,1
7,54,3,7,5000,1
4,57,3,3,15550,1
2,41,0,10,27150,1
6,46,2,8,5000,1
6,62,5,4,5000,1
1,93,2,8,41950,0
5,52,1,9,7800,1
1,43,3,8,34450,1
4,49,1,1,14350,1
7,41,3,12,5000,1
1,54,2,10,36100,1
6,80,3,5,5000,1
7,81,0,4,5000,1
5,73,4,8,10950,1
4,85,1,7,19750,0
8,63,5,4,5000,1
5,46,3,7,6900,1
1,76,2,6,39400,0
5,73,0,1,10950,1
2,86,2,5,33900,0
3,54,3,11,22100,1
1,72,1,11,38800,0
1,61,1,4,37150,1
1,100,1,3,43000,0
8,77,5,9,5000,1
2,55,3,9,29250,1
5,67,0,8,10050,1
1,77,0,6,39550,0
7,79,4,10,5000,1
4,73,0,11,17950,0
5,83,1,10,12450,1
7,63,3,3,5000,1
7,46,3,11,5000,1
7,88,3,4,5000,1
5,90,4,2,13500,1
8,47,5,2,5000,1
7,100,3,2,5000,1
2,78,0,2,32700,0
3,53,3,5,21950,1
1,84,5,10,40600,1
3,64,4,11,23600,1
5,99,1,1,14850,1
6,58,4,7,5000,1
5,78,5,9,11700,1
8,76,5,6,5000,1
7,69,1,5,5000,1
7,40,4,8,5000,1
2,87,1,7,34050,0
8,47,2,5,5000,1
4,68,3,8,17200,1
3,50,0,4,21500,1
1,40,5,5,34000,1
1,48,4,10,35200,1
5,53,5,1,7950,1
6,65,4,11,5000,1
1,45,3,9,34750,1
5,46,1,6,6900,1
1,82,4,4,40300,1
7,95,1,8,5000,1
4,45,4,7,13750,1
5,48,0,2,7200,1
6,60,1,11,5000,1
8,58,5,3,5000,1
5,84,5,2,12600,1
8,40,1,3,5000,1
2,44,0,1,27600,1
2,41,2,5,27150,1
1,76,0,7,39400,0
5,56,3,9,8400,1
2,51,0,4,28650,1
1,42,4,3,34300,1
2,70,4,7,31500,1
4,72,5,8,17800,1
1,59,3,3,36850,1
3,73,1,3,24950,0
2,85,5,7,33750,1
3,46,2,12,20900,1
6,67,2,7,5000,1
8,65,4,8,5000,1
6,86,3,11,5900,1
6,58,5,4,5000,1
6,60,3,7,5000,1
6,77,4,11,5000,1
6,100,1,12,8000,1
6,46,1,5,5000,1
1,88,4,8,41200,1
1,66,0,8,37900,0
4,70,4,12,17500,1
7,93,1,5,5000,1
1,98,2,2,42700,0
4,100,4,11,22000,1
7,44,3,7,5000,1
2,54,4,10,29100,1
3,80,3,1,26000,1
8,45,1,8,5000,1
2,79,0,8,32850,0
5,49,0,6,7350,1
3,56,5,2,22400,1
2,40,1,3,27000,1
7,80,1,11,5000,1
8,77,5,4,5000,1
4,62,3,4,16300,1
5,61,5,6,9150,1
6,79,4,8,5000,1
5,42,1,4,6300,1
8,99,1,9,5000,1
3,53,3,1,21950,1
5,100,5,5,15000,1
6,97,3,10,7550,1
7,67,0,11,5000,1
4,75,2,3,18250,0
7,59,3,4,5000,1
7,96,2,1,5000,1
3,47,1,5,21050,1
4,88,2,1,20200,0
4,44,2,2,13600,1
1,100,1,1,43000,0
1,68,0,9,38200,0
3,56,4,7,22400,1
2,92,4,12,34800,1
6,99,4,10,7850,1
1,98,0,6,42700,0
4,91,5,8,20650,1
1,74,0,1,39100,0
1,71,1,1,38650,0
4,90,3,7,20500,1
2,56,5,10,29400,1
4,47,3,10,14050,1
3,66,2,1,23900,0
3,78,5,11,25700,1
4,49,4,3,14350,1
4,78,4,1,18700,1
7,55,2,1,5000,1
2,50,2,6,28500,1
5,66,4,2,9900,1
3,97,4,5,28550,1
3,79,5,8,25850,1
6,98,5,6,7700,1
2,48,0,9,28200,1
1,58,2,11,36700,1
1,80,1,12,40000,0
1,84,1,10,40600,0
6,43,0,7,5000,1
5,58,1,1,8700,1
5,92,4,4,13800,1
8,82,1,11,5000,1
4,58,5,1,15700,1
6,77,2,9,5000,1
8,89,4,2,5000,1
1,90,0,5,41500,0
2,99,3,7,35850,1
6,98,3,9,7700,1
5,70,0,5,10500,1
6,74,1,4,5000,1
5,78,4,11,11700,1
2,80,1,6,33000,0
6,41,5,5,5000,1
1,99,4,7,42850,1
2,96,4,8,35400,1
2,94,4,6,35100,1
8,86,2,3,5000,1
6,93,2,3,6950,1
4,88,2,10,20200,0
7,84,5,4,5000,1
3,94,4,8,28100,1
7,90,5,2,5000,1
7,61,2,5,5000,1
6,58,0,12,5000,1
7,43,2,11,5000,1
3,49,0,6,21350,1
8,57,1,12,5000,1
7,62,1,8,5000,1
4,56,5,1,15400,1
4,78,0,4,18700,0
6,59,1,2,5000,1
5,98,0,3,14700,1
3,46,3,7,20900,1
2,84,0,9,33600,0
4,52,5,11,14800,1
3,53,5,2,21950,1
2,83,4,1,33450,1
2,46,2,8,27900,1
7,76,3,5,5000,1
7,40,2,7,5000,1
4,92,0,12,20800,0
2,57,4,9,29550,1
5,79,5,3,11850,1
6,90,1,1,6500,1
5,81,1,6,12150,1
2,45,1,10,27750,1
6,81,0,12,5150,1
6,72,1,6,5000,1
5,57,2,9,8550,1
4,85,1,4,19750,0
3,59,0,11,22850,1
5,48,2,10,7200,1
8,77,0,6,5000,1
1,81,5,12,40150,1
3,46,3,8,20900,1
4,68,1,4,17200,0
8,52,1,12,5000,1
1,54,0,5,36100,1
3,89,1,11,27350,0
5,76,2,11,11400,1
8,90,1,7,5000,1
5,46,0,10,6900,1
3,46,4,9,20900,1
1,53,1,2,35950,1
2,49,3,4,28350,1
2,87,1,11,34050,0
1,68,4,1,38200,1
8,42,4,10,5000,1
8,45,3,1,5000,1
3,86,5,5,26900,1
4,68,3,6,17200,1
4,42,2,3,13300,1
6,44,0,7,5000,1
5,54,1,12,8100,1
1,81,4,11,40150,1
6,62,2,6,5000,1
3,68,4,11,24200,1
8,77,1,12,5000,1
7,66,3,2,5000,1
3,62,0,5,23300,1
5,66,2,3,9900,1
7,69,0,6,5000,1
6,90,5,11,6500,1
2,88,0,12,34200,0
4,43,1,4,13450,1
1,85,0,1,40750,0
2,61,3,7,30150,1
5,74,4,10,11100,1
2,93,0,3,34950,0
3,49,0,11,21350,1
6,73,1,7,5000,1
6,59,3,8,5000,1
4,86,0,4,19900,0
1,91,5,5,41650,1
7,49,0,7,5000,1
3,93,5,9,27950,1
5,79,3,3,11850,1
5,98,2,9,14700,1
1,91,3,2,41650,1
5,52,2,11,7800,1
7,81,5,10,5000,1
8,75,3,1,5000,1
4,87,5,4,20050,1
5,73,0,11,10950,1
8,59,3,10,5000,1
8,58,1,8,5000,1
6,49,2,11,5000,1
3,44,4,5,20600,1
7,45,3,12,5000,1
7,67,5,10,5000,1
3,94,3,7,28100,1
1,97,2,9,42550,0
4,97,4,4,21550,1
7,59,4,1,5000,1
1,91,1,9,41650,0
4,49,0,7,14350,1
7,90,1,7,5000,1
2,68,1,9,31200,0
4,64,1,8,16600,1
1,72,2,10,38800,0
3,86,5,8,26900,1
1,78,1,12,39700,0
5,67,3,6,10050,1
2,84,1,9,33600,0
5,42,2,3,6300,1
2,67,3,2,31050,1
8,89,3,5,5000,1
4,59,1,9,15850,1
3,92,1,1,27800,0
7,93,4,8,5000,1
6,72,1,9,5000,1
1,82,1,8,40300,0
6,84,3,5,5600,1
1,50,5,1,35500,1
7,84,0,12,5000,1
7,87,3,10,5000,1
4,89,0,3,20350,0
4,64,3,4,16600,1
5,43,4,10,6450,1
6,63,2,11,5000,1
1,57,1,5,36550,1
5,79,5,7,11850,1
1,49,3,1,35350,1
3,59,0,2,22850,1
3,41,0,12,20150,1
1,48,2,1,35200,1
5,80,4,10,12000,1
2,97,0,8,35550,0
5,91,0,8,13650,1
6,54,5,2,5000,1
7,72,3,10,5000,1
8,90,0,5,5000,1
7,77,2,6,5000,1
5,100,0,8,15000,1
2,45,5,3,27750,1
7,61,4,10,5000,1
4,57,4,1,15550,1
3,85,2,11,26750,0
8,83,5,7,5000,1
5,98,3,3,14700,1
3,48,4,2,21200,1
1,47,1,2,35050,1
1,62,1,1,37300,1
8,87,3,5,5000,1
4,55,5,10,15250,1
7,42,2,6,5000,1
8,63,4,11,5000,1
7,44,3,10,5000,1
5,54,5,4,8100,1
5,82,4,12,12300,1
7,76,3,7,5000,1
1,49,2,10,35350,1
7,52,3,4,5000,1
1,83,5,5,40450,1
6,79,2,7,5000,1
5,97,0,2,14550,1
8,89,1,8,5000,1
1,58,0,5,36700,1
7,95,2,2,5000,1
2,86,2,5,33900,0
1,67,0,12,38050,0
5,48,0,7,7200,1
2,46,3,10,27900,1
2,75,0,2,32250,0
8,100,4,8,5000,1
1,94,4,2,42100,1
5,70,1,5,10500,1
1,64,4,4,37600,1
4,44,2,7,13600,1
4,62,4,1,16300,1
6,58,1,6,5000,1
1,43,3,7,34450,1
1,81,5,9,40150,1
1,91,3,5,41650,1
6,68,0,11,5000,1
2,51,0,6,28650,1
8,84,4,6,5000,1
1,78,1,7,39700,0
7,64,4,6,5000,1
6,52,1,6,5000,1
2,91,0,11,34650,0
2,87,3,9,34050,1
6,55,2,8,5000,1
6,45,5,1,5000,1
8,74,3,1,5000,1
3,50,3,1,21500,1
2,98,2,8,35700,0
4,57,1,1,15550,1
3,67,1,4,24050,0
8,62,5,5,5000,1
4,54,5,5,15100,1
2,68,2,4,31200,0
6,81,2,4,5150,1
1,50,3,8,35500,1
4,43,4,1,13450,1
3,78,4,8,25700,1
7,79,4,7,5000,1
5,47,0,9,7050,1
3,40,1,9,20000,1
7,57,4,1,5000,1
4,88,2,1,20200,0
2,54,0,6,29100,1
5,97,0,11,14550,1
3,63,1,1,23450,1
4,48,5,3,14200,1
7,53,1,10,5000,1
1,89,4,10,41350,1
4,54,1,3,15100,1
6,64,0,2,5000,1
3,90,1,1,27500,0
4,84,2,5,19600,0
5,79,5,6,11850,1
4,71,0,4,17650,0
4,84,3,7,19600,1
2,66,0,3,30900,0
4,42,1,10,13300,1
6,47,5,1,5000,1
5,41,5,4,6150,1
2,70,4,10,31500,1
8,68,5,8,5000,1
6,72,2,1,5000,1
3,41,1,1,20150,1
4,66,2,8,16900,0
4,63,5,2,16450,1
7,87,4,7,5000,1
1,59,1,8,36850,1
4,86,0,2,19900,0
8,42,3,7,5000,1
8,78,3,10,5000,1
6,79,0,3,5000,1
3,82,2,4,26300,0
7,100,4,9,5000,1
6,75,3,5,5000,1
2,82,1,1,33300,0
5,40,1,2,6000,1
2,42,2,1,27300,1
1,43,4,12,34450,1
5,94,0,7,14100,1
5,78,5,6,11700,1
7,44,3,7,5000,1
2,77,3,12,32550,1
7,69,3,12,5000,1
3,66,1,9,23900,0
2,73,4,8,31950,1
2,91,3,6,34650,1
2,69,2,11,31350,0
7,70,0,12,5000,1
4,48,1,4,14200,1
1,88,2,7,41200,0
8,100,2,1,5000,1
7,80,3,1,5000,1
2,98,5,11,35700,1
6,65,4,6,5000,1
8,40,1,8,5000,1
3,95,2,6,28250,0
2,50,0,1,28500,1
2,99,3,6,35850,1
8,59,2,5,5000,1
7,77,4,10,5000,1
8,90,4,4,5000,1
3,95,5,2,28250,1
2,98,0,7,35700,0
4,53,3,7,14950,1
2,76,4,11,32400,1
8,71,2,8,5000,1
8,83,4,2,5000,1
7,78,3,7,5000,1
4,58,1,11,15700,1
6,93,1,9,6950,1
4,98,2,6,21700,0
2,81,3,11,33150,1
3,41,0,7,20150,1
2,64,2,12,30600,1
7,78,0,10,5000,1
2,74,1,4,32100,0
7,43,5,7,5000,1
7,47,3,7,5000,1
4,84,0,1,19600,0
6,41,0,6,5000,1
4,84,2,12,19600,0
2,80,0,3,33000,0
8,97,2,3,5000,1
2,80,0,4,33000,0
8,91,2,3,5000,1
5,73,5,8,10950,1
7,89,1,7,5000,1
8,78,0,8,5000,1
7,50,0,11,5000,1
3,56,1,6,22400,1
6,54,4,3,5000,1
1,58,4,11,36700,1
7,57,1,5,5000,1
8,65,1,5,5000,1
7,96,5,11,5000,1
1,66,3,3,37900,1
6,93,5,8,6950,1
2,71,2,8,31650,0
7,74,4,10,5000,1
4,76,0,7,18400,0
5,99,2,6,14850,1
2,80,5,12,33000,1
3,86,2,1,26900,0
8,44,0,11,5000,1
7,80,3,12,5000,1
6,99,2,11,7850,1
8,83,0,6,5000,1
2,53,1,6,28950,1
5,50,3,6,7500,1
3,49,4,10,21350,1
5,55,2,2,8250,1
1,71,3,3,38650,1
7,96,1,9,5000,1
8,83,2,9,5000,1
3,48,5,1,21200,1
6,83,4,6,5450,1
6,78,4,9,5000,1
6,61,3,4,5000,1
5,59,1,12,8850,1
7,63,0,3,5000,1
1,76,4,9,39400,1
7,42,1,8,5000,1
7,43,5,12,5000,1
3,51,4,3,21650,1
8,66,2,1,5000,1
2,99,3,9,35850,1
8,66,3,10,5000,1
2,70,0,5,31500,0
3,94,2,10,28100,0
2,98,5,11,35700,1
5,52,1,9,7800,1
2,63,4,3,30450,1
1,81,4,10,40150,1
1,69,3,4,38350,1
7,60,4,12,5000,1
4,63,0,6,16450,1
8,42,2,6,5000,1
5,97,2,1,14550,1
4,64,4,1,16600,1
1,97,5,2,42550,1
7,78,0,11,5000,1
5,94,4,9,14100,1
4,77,3,8,18550,1
2,98,1,10,35700,0
3,60,2,8,23000,1
2,72,3,6,31800,1
1,55,5,3,36250,1
8,46,5,5,5000,1
7,93,2,11,5000,1
5,66,3,4,9900,1
4,83,0,2,19450,0
6,93,0,4,6950,1
2,89,3,11,34350,1
4,62,2,10,16300,1
7,61,2,12,5000,1
5,66,4,10,9900,1
4,99,3,9,21850,1
6,94,5,10,7100,1
1,63,3,9,37450,1
8,58,0,2,5000,1
6,85,1,8,5750,1
8,43,5,7,5000,1
2,57,3,4,29550,1
7,86,5,10,5000,1
5,45,4,2,6750,1
2,41,4,8,27150,1
5,80,5,10,12000,1
7,95,0,8,5000,1
8,71,4,1,5000,1
2,100,1,1,36000,0
7,66,3,2,5000,1
3,74,1,10,25100,0
4,53,4,3,14950,1
5,98,3,9,14700,1
2,45,2,12,27750,1
6,61,2,5,5000,1
3,68,3,1,24200,1
2,64,2,10,30600,1
4,52,1,3,14800,1
7,57,3,2,5000,1
2,66,1,7,30900,0
